name,group,year,value
意大利,europe,1/31/20,2
意大利,europe,2/1/20,2
意大利,europe,2/2/20,2
意大利,europe,2/3/20,2
意大利,europe,2/4/20,2
意大利,europe,2/5/20,2
意大利,europe,2/6/20,2
意大利,europe,2/7/20,3
意大利,europe,2/8/20,3
意大利,europe,2/9/20,3
意大利,europe,2/10/20,3
意大利,europe,2/11/20,3
意大利,europe,2/12/20,3
意大利,europe,2/13/20,3
意大利,europe,2/14/20,3
意大利,europe,2/15/20,3
意大利,europe,2/16/20,3
意大利,europe,2/17/20,3
意大利,europe,2/18/20,3
意大利,europe,2/19/20,3
意大利,europe,2/20/20,3
意大利,europe,2/21/20,6
意大利,europe,2/22/20,20
意大利,europe,2/23/20,132
意大利,europe,2/24/20,230
意大利,europe,2/25/20,283
意大利,europe,2/26/20,374
意大利,europe,2/27/20,528
意大利,europe,2/28/20,655
意大利,europe,2/29/20,888
意大利,europe,3/1/20,1128
意大利,europe,3/2/20,1713
意大利,europe,3/3/20,2086
意大利,europe,3/4/20,2546
意大利,europe,3/5/20,3089
意大利,europe,3/6/20,3927
意大利,europe,3/7/20,4680
意大利,europe,3/8/20,6012
意大利,europe,3/9/20,7424
意大利,europe,3/10/20,9220
意大利,europe,3/11/20,10283
意大利,europe,3/12/20,12462
意大利,europe,3/13/20,15385
意大利,europe,3/14/20,17660
意大利,europe,3/15/20,21270
意大利,europe,3/16/20,24747
意大利,europe,3/17/20,27980
意大利,europe,3/18/20,31506
意大利,europe,3/19/20,36455
意大利,europe,3/20/20,41035
意大利,europe,3/21/20,47021
意大利,europe,3/22/20,53578
意大利,europe,3/23/20,59138
意大利,europe,3/24/20,63927
意大利,europe,3/25/20,69176
伊朗,me,2/19/20,2
伊朗,me,2/20/20,5
伊朗,me,2/21/20,18
伊朗,me,2/22/20,28
伊朗,me,2/23/20,43
伊朗,me,2/24/20,61
伊朗,me,2/25/20,95
伊朗,me,2/26/20,139
伊朗,me,2/27/20,245
伊朗,me,2/28/20,388
伊朗,me,2/29/20,593
伊朗,me,3/1/20,593
伊朗,me,3/2/20,1501
伊朗,me,3/3/20,2336
伊朗,me,3/4/20,2922
伊朗,me,3/5/20,3513
伊朗,me,3/6/20,4747
伊朗,me,3/7/20,5823
伊朗,me,3/8/20,6566
伊朗,me,3/9/20,7161
伊朗,me,3/10/20,8042
伊朗,me,3/11/20,9000
伊朗,me,3/12/20,10075
伊朗,me,3/13/20,11364
伊朗,me,3/14/20,12729
伊朗,me,3/15/20,13938
伊朗,me,3/16/20,14991
伊朗,me,3/17/20,16169
伊朗,me,3/18/20,17361
伊朗,me,3/19/20,18407
伊朗,me,3/20/20,19644
伊朗,me,3/21/20,20610
伊朗,me,3/22/20,21638
伊朗,me,3/23/20,23049
伊朗,me,3/24/20,24811
伊朗,me,3/25/20,27017
韩国,asia,1/28/20,4
韩国,asia,1/29/20,4
韩国,asia,1/30/20,6
韩国,asia,1/31/20,11
韩国,asia,2/1/20,12
韩国,asia,2/2/20,15
韩国,asia,2/3/20,15
韩国,asia,2/4/20,16
韩国,asia,2/5/20,19
韩国,asia,2/6/20,23
韩国,asia,2/7/20,24
韩国,asia,2/8/20,24
韩国,asia,2/9/20,27
韩国,asia,2/10/20,27
韩国,asia,2/11/20,28
韩国,asia,2/12/20,28
韩国,asia,2/13/20,28
韩国,asia,2/14/20,28
韩国,asia,2/15/20,28
韩国,asia,2/16/20,29
韩国,asia,2/17/20,30
韩国,asia,2/18/20,31
韩国,asia,2/19/20,51
韩国,asia,2/20/20,104
韩国,asia,2/21/20,208
韩国,asia,2/22/20,433
韩国,asia,2/23/20,602
韩国,asia,2/24/20,833
韩国,asia,2/25/20,977
韩国,asia,2/26/20,1261
韩国,asia,2/27/20,1766
韩国,asia,2/28/20,2337
韩国,asia,2/29/20,3150
韩国,asia,3/1/20,3736
韩国,asia,3/2/20,4335
韩国,asia,3/3/20,5186
韩国,asia,3/4/20,5621
韩国,asia,3/5/20,6088
韩国,asia,3/6/20,6284
韩国,asia,3/7/20,6767
韩国,asia,3/8/20,7313
韩国,asia,3/9/20,7478
韩国,asia,3/10/20,7513
韩国,asia,3/11/20,7755
韩国,asia,3/12/20,7869
韩国,asia,3/13/20,7979
韩国,asia,3/14/20,8086
韩国,asia,3/15/20,8162
韩国,asia,3/16/20,8236
韩国,asia,3/17/20,8320
韩国,asia,3/18/20,8413
韩国,asia,3/19/20,8565
韩国,asia,3/20/20,8652
韩国,asia,3/21/20,8799
韩国,asia,3/22/20,8897
韩国,asia,3/23/20,8961
韩国,asia,3/24/20,9037
韩国,asia,3/25/20,9137
西班牙,europe,2/1/20,2
西班牙,europe,2/2/20,2
西班牙,europe,2/3/20,2
西班牙,europe,2/4/20,2
西班牙,europe,2/5/20,2
西班牙,europe,2/6/20,2
西班牙,europe,2/7/20,2
西班牙,europe,2/8/20,2
西班牙,europe,2/9/20,2
西班牙,europe,2/10/20,2
西班牙,europe,2/11/20,2
西班牙,europe,2/12/20,2
西班牙,europe,2/13/20,2
西班牙,europe,2/14/20,2
西班牙,europe,2/15/20,2
西班牙,europe,2/16/20,2
西班牙,europe,2/17/20,2
西班牙,europe,2/18/20,2
西班牙,europe,2/19/20,2
西班牙,europe,2/20/20,2
西班牙,europe,2/21/20,2
西班牙,europe,2/22/20,2
西班牙,europe,2/23/20,2
西班牙,europe,2/24/20,2
西班牙,europe,2/25/20,3
西班牙,europe,2/26/20,9
西班牙,europe,2/27/20,13
西班牙,europe,2/28/20,25
西班牙,europe,2/29/20,41
西班牙,europe,3/1/20,74
西班牙,europe,3/2/20,74
西班牙,europe,3/3/20,150
西班牙,europe,3/4/20,179
西班牙,europe,3/5/20,248
西班牙,europe,3/6/20,345
西班牙,europe,3/7/20,441
西班牙,europe,3/8/20,613
西班牙,europe,3/9/20,1046
西班牙,europe,3/10/20,1648
西班牙,europe,3/11/20,2174
西班牙,europe,3/12/20,2968
西班牙,europe,3/13/20,4209
西班牙,europe,3/14/20,5753
西班牙,europe,3/15/20,7753
西班牙,europe,3/16/20,9191
西班牙,europe,3/17/20,11178
西班牙,europe,3/18/20,13716
西班牙,europe,3/19/20,17147
西班牙,europe,3/20/20,19980
西班牙,europe,3/21/20,24926
西班牙,europe,3/22/20,28572
西班牙,europe,3/23/20,33089
西班牙,europe,3/24/20,39673
西班牙,europe,3/25/20,47610
德国,europe,1/28/20,1
德国,europe,1/29/20,4
德国,europe,1/30/20,4
德国,europe,1/31/20,6
德国,europe,2/1/20,7
德国,europe,2/2/20,10
德国,europe,2/3/20,10
德国,europe,2/4/20,12
德国,europe,2/5/20,12
德国,europe,2/6/20,12
德国,europe,2/7/20,13
德国,europe,2/8/20,13
德国,europe,2/9/20,14
德国,europe,2/10/20,14
德国,europe,2/11/20,14
德国,europe,2/12/20,16
德国,europe,2/13/20,16
德国,europe,2/14/20,16
德国,europe,2/15/20,16
德国,europe,2/16/20,16
德国,europe,2/17/20,16
德国,europe,2/18/20,16
德国,europe,2/19/20,16
德国,europe,2/20/20,16
德国,europe,2/21/20,16
德国,europe,2/22/20,16
德国,europe,2/23/20,16
德国,europe,2/24/20,16
德国,europe,2/25/20,16
德国,europe,2/26/20,19
德国,europe,2/27/20,27
德国,europe,2/28/20,60
德国,europe,2/29/20,66
德国,europe,3/1/20,117
德国,europe,3/2/20,157
德国,europe,3/3/20,196
德国,europe,3/4/20,240
德国,europe,3/5/20,349
德国,europe,3/6/20,565
德国,europe,3/7/20,684
德国,europe,3/8/20,847
德国,europe,3/9/20,1151
德国,europe,3/10/20,1224
德国,europe,3/11/20,1565
德国,europe,3/12/20,2078
德国,europe,3/13/20,3117
德国,europe,3/14/20,3675
德国,europe,3/15/20,5142
德国,europe,3/16/20,5813
德国,europe,3/17/20,7272
德国,europe,3/18/20,10082
德国,europe,3/19/20,13944
德国,europe,3/20/20,17653
德国,europe,3/21/20,20099
德国,europe,3/22/20,23921
德国,europe,3/23/20,27181
德国,europe,3/24/20,31370
德国,europe,3/25/20,35353
法国,europe,1/28/20,3
法国,europe,1/29/20,4
法国,europe,1/30/20,6
法国,europe,1/31/20,6
法国,europe,2/1/20,6
法国,europe,2/2/20,6
法国,europe,2/3/20,6
法国,europe,2/4/20,6
法国,europe,2/5/20,6
法国,europe,2/6/20,6
法国,europe,2/7/20,6
法国,europe,2/8/20,11
法国,europe,2/9/20,11
法国,europe,2/10/20,11
法国,europe,2/11/20,11
法国,europe,2/12/20,11
法国,europe,2/13/20,11
法国,europe,2/14/20,11
法国,europe,2/15/20,11
法国,europe,2/16/20,12
法国,europe,2/17/20,12
法国,europe,2/18/20,12
法国,europe,2/19/20,12
法国,europe,2/20/20,12
法国,europe,2/21/20,12
法国,europe,2/22/20,12
法国,europe,2/23/20,12
法国,europe,2/24/20,12
法国,europe,2/25/20,12
法国,europe,2/26/20,17
法国,europe,2/27/20,18
法国,europe,2/28/20,41
法国,europe,2/29/20,73
法国,europe,3/1/20,100
法国,europe,3/2/20,130
法国,europe,3/3/20,204
法国,europe,3/4/20,257
法国,europe,3/5/20,377
法国,europe,3/6/20,423
法国,europe,3/7/20,716
法国,europe,3/8/20,949
法国,europe,3/9/20,1209
法国,europe,3/10/20,1606
法国,europe,3/11/20,1888
法国,europe,3/12/20,2370
法国,europe,3/13/20,2889
法国,europe,3/14/20,3667
法国,europe,3/15/20,4500
法国,europe,3/16/20,5400
法国,europe,3/17/20,6633
法国,europe,3/18/20,7730
法国,europe,3/19/20,9134
法国,europe,3/20/20,10995
法国,europe,3/21/20,12612
法国,europe,3/22/20,14459
法国,europe,3/23/20,16680
法国,europe,3/24/20,19856
法国,europe,3/25/20,22300
美国,na,1/28/20,5
美国,na,1/29/20,5
美国,na,1/30/20,6
美国,na,1/31/20,6
美国,na,2/1/20,7
美国,na,2/2/20,8
美国,na,2/3/20,11
美国,na,2/4/20,11
美国,na,2/5/20,11
美国,na,2/6/20,12
美国,na,2/7/20,12
美国,na,2/8/20,12
美国,na,2/9/20,12
美国,na,2/10/20,12
美国,na,2/11/20,13
美国,na,2/12/20,13
美国,na,2/13/20,14
美国,na,2/14/20,15
美国,na,2/15/20,15
美国,na,2/16/20,15
美国,na,2/17/20,15
美国,na,2/18/20,15
美国,na,2/19/20,15
美国,na,2/20/20,15
美国,na,2/21/20,15
美国,na,2/22/20,34
美国,na,2/23/20,34
美国,na,2/24/20,35
美国,na,2/25/20,53
美国,na,2/26/20,57
美国,na,2/27/20,60
美国,na,2/28/20,60
美国,na,2/29/20,64
美国,na,3/1/20,69
美国,na,3/2/20,89
美国,na,3/3/20,105
美国,na,3/4/20,126
美国,na,3/5/20,161
美国,na,3/6/20,234
美国,na,3/7/20,337
美国,na,3/8/20,455
美国,na,3/9/20,582
美国,na,3/10/20,755
美国,na,3/11/20,1052
美国,na,3/12/20,1329
美国,na,3/13/20,1880
美国,na,3/14/20,2236
美国,na,3/15/20,2943
美国,na,3/16/20,3774
美国,na,3/17/20,4687
美国,na,3/18/20,6522
美国,na,3/19/20,10259
美国,na,3/20/20,14365
美国,na,3/21/20,20176
美国,na,3/22/20,26856
美国,na,3/23/20,35224
美国,na,3/24/20,46443
美国,na,3/25/20,55242
瑞士,europe,2/25/20,1
瑞士,europe,2/26/20,1
瑞士,europe,2/27/20,4
瑞士,europe,2/28/20,15
瑞士,europe,2/29/20,15
瑞士,europe,3/1/20,24
瑞士,europe,3/2/20,27
瑞士,europe,3/3/20,46
瑞士,europe,3/4/20,66
瑞士,europe,3/5/20,81
瑞士,europe,3/6/20,128
瑞士,europe,3/7/20,228
瑞士,europe,3/8/20,281
瑞士,europe,3/9/20,337
瑞士,europe,3/10/20,476
瑞士,europe,3/11/20,645
瑞士,europe,3/12/20,815
瑞士,europe,3/13/20,1009
瑞士,europe,3/14/20,1139
瑞士,europe,3/15/20,1139
瑞士,europe,3/16/20,2220
瑞士,europe,3/17/20,2269
瑞士,europe,3/18/20,3028
瑞士,europe,3/19/20,3888
瑞士,europe,3/20/20,4222
瑞士,europe,3/21/20,6113
瑞士,europe,3/22/20,7014
瑞士,europe,3/23/20,8060
瑞士,europe,3/24/20,9117
瑞士,europe,3/25/20,9877
挪威,europe,2/27/20,1
挪威,europe,2/28/20,4
挪威,europe,2/29/20,7
挪威,europe,3/1/20,17
挪威,europe,3/2/20,19
挪威,europe,3/3/20,32
挪威,europe,3/4/20,34
挪威,europe,3/5/20,56
挪威,europe,3/6/20,86
挪威,europe,3/7/20,113
挪威,europe,3/8/20,157
挪威,europe,3/9/20,176
挪威,europe,3/10/20,227
挪威,europe,3/11/20,400
挪威,europe,3/12/20,703
挪威,europe,3/13/20,800
挪威,europe,3/14/20,996
挪威,europe,3/15/20,996
挪威,europe,3/16/20,1256
挪威,europe,3/17/20,1331
挪威,europe,3/18/20,1471
挪威,europe,3/19/20,1589
挪威,europe,3/20/20,1790
挪威,europe,3/21/20,1950
挪威,europe,3/22/20,2164
挪威,europe,3/23/20,2262
挪威,europe,3/24/20,2573
挪威,europe,3/25/20,2796
丹麦,europe,2/27/20,1
丹麦,europe,2/28/20,1
丹麦,europe,2/29/20,3
丹麦,europe,3/1/20,3
丹麦,europe,3/2/20,4
丹麦,europe,3/3/20,6
丹麦,europe,3/4/20,11
丹麦,europe,3/5/20,15
丹麦,europe,3/6/20,20
丹麦,europe,3/7/20,27
丹麦,europe,3/8/20,27
丹麦,europe,3/9/20,35
丹麦,europe,3/10/20,156
丹麦,europe,3/11/20,340
丹麦,europe,3/12/20,615
丹麦,europe,3/13/20,785
丹麦,europe,3/14/20,827
丹麦,europe,3/15/20,827
丹麦,europe,3/16/20,898
丹麦,europe,3/17/20,960
丹麦,europe,3/18/20,1044
丹麦,europe,3/19/20,1117
丹麦,europe,3/20/20,1226
丹麦,europe,3/21/20,1255
丹麦,europe,3/22/20,1326
丹麦,europe,3/23/20,1450
丹麦,europe,3/24/20,1577
丹麦,europe,3/25/20,1591
钻石号邮轮,boat,2/5/20,10
钻石号邮轮,boat,2/6/20,20
钻石号邮轮,boat,2/7/20,61
钻石号邮轮,boat,2/8/20,64
钻石号邮轮,boat,2/9/20,70
钻石号邮轮,boat,2/10/20,130
钻石号邮轮,boat,2/11/20,135
钻石号邮轮,boat,2/12/20,174
钻石号邮轮,boat,2/13/20,218
钻石号邮轮,boat,2/14/20,218
钻石号邮轮,boat,2/15/20,285
钻石号邮轮,boat,2/16/20,355
钻石号邮轮,boat,2/17/20,454
钻石号邮轮,boat,2/18/20,542
钻石号邮轮,boat,2/19/20,621
钻石号邮轮,boat,2/20/20,634
钻石号邮轮,boat,2/21/20,634
钻石号邮轮,boat,2/22/20,634
钻石号邮轮,boat,2/23/20,691
钻石号邮轮,boat,2/24/20,691
钻石号邮轮,boat,2/25/20,691
钻石号邮轮,boat,2/26/20,705
钻石号邮轮,boat,2/27/20,705
钻石号邮轮,boat,2/28/20,709
钻石号邮轮,boat,2/29/20,705
钻石号邮轮,boat,3/1/20,712
钻石号邮轮,boat,3/2/20,706
钻石号邮轮,boat,3/3/20,706
钻石号邮轮,boat,3/4/20,706
钻石号邮轮,boat,3/5/20,706
钻石号邮轮,boat,3/6/20,696
钻石号邮轮,boat,3/7/20,696
钻石号邮轮,boat,3/8/20,696
钻石号邮轮,boat,3/9/20,696
钻石号邮轮,boat,3/10/20,696
钻石号邮轮,boat,3/11/20,696
钻石号邮轮,boat,3/12/20,697
钻石号邮轮,boat,3/13/20,697
钻石号邮轮,boat,3/14/20,697
钻石号邮轮,boat,3/15/20,712
钻石号邮轮,boat,3/16/20,712
钻石号邮轮,boat,3/17/20,712
钻石号邮轮,boat,3/18/20,712
钻石号邮轮,boat,3/19/20,712
钻石号邮轮,boat,3/20/20,712
钻石号邮轮,boat,3/21/20,712
钻石号邮轮,boat,3/22/20,712
钻石号邮轮,boat,3/23/20,712
钻石号邮轮,boat,3/24/20,712
钻石号邮轮,boat,3/25/20,712
瑞典,europe,1/31/20,1
瑞典,europe,2/1/20,1
瑞典,europe,2/2/20,1
瑞典,europe,2/3/20,1
瑞典,europe,2/4/20,1
瑞典,europe,2/5/20,1
瑞典,europe,2/6/20,1
瑞典,europe,2/7/20,1
瑞典,europe,2/8/20,1
瑞典,europe,2/9/20,1
瑞典,europe,2/10/20,1
瑞典,europe,2/11/20,1
瑞典,europe,2/12/20,1
瑞典,europe,2/13/20,1
瑞典,europe,2/14/20,1
瑞典,europe,2/15/20,1
瑞典,europe,2/16/20,1
瑞典,europe,2/17/20,1
瑞典,europe,2/18/20,1
瑞典,europe,2/19/20,1
瑞典,europe,2/20/20,1
瑞典,europe,2/21/20,1
瑞典,europe,2/22/20,1
瑞典,europe,2/23/20,1
瑞典,europe,2/24/20,1
瑞典,europe,2/25/20,1
瑞典,europe,2/26/20,1
瑞典,europe,2/27/20,2
瑞典,europe,2/28/20,7
瑞典,europe,2/29/20,12
瑞典,europe,3/1/20,13
瑞典,europe,3/2/20,14
瑞典,europe,3/3/20,19
瑞典,europe,3/4/20,30
瑞典,europe,3/5/20,60
瑞典,europe,3/6/20,101
瑞典,europe,3/7/20,161
瑞典,europe,3/8/20,203
瑞典,europe,3/9/20,248
瑞典,europe,3/10/20,346
瑞典,europe,3/11/20,464
瑞典,europe,3/12/20,635
瑞典,europe,3/13/20,687
瑞典,europe,3/14/20,814
瑞典,europe,3/15/20,992
瑞典,europe,3/16/20,1023
瑞典,europe,3/17/20,1119
瑞典,europe,3/18/20,1119
瑞典,europe,3/19/20,1292
瑞典,europe,3/20/20,1439
瑞典,europe,3/21/20,1639
瑞典,europe,3/22/20,1770
瑞典,europe,3/23/20,1934
瑞典,europe,3/24/20,2272
瑞典,europe,3/25/20,2272
荷兰,europe,2/28/20,2
荷兰,europe,2/29/20,4
荷兰,europe,3/1/20,7
荷兰,europe,3/2/20,10
荷兰,europe,3/3/20,24
荷兰,europe,3/4/20,24
荷兰,europe,3/5/20,82
荷兰,europe,3/6/20,82
荷兰,europe,3/7/20,188
荷兰,europe,3/8/20,265
荷兰,europe,3/9/20,321
荷兰,europe,3/10/20,382
荷兰,europe,3/11/20,503
荷兰,europe,3/12/20,614
荷兰,europe,3/13/20,804
荷兰,europe,3/14/20,959
荷兰,europe,3/15/20,959
荷兰,europe,3/16/20,1413
荷兰,europe,3/17/20,1705
荷兰,europe,3/18/20,2051
荷兰,europe,3/19/20,2460
荷兰,europe,3/20/20,2994
荷兰,europe,3/21/20,3631
荷兰,europe,3/22/20,4204
荷兰,europe,3/23/20,4749
荷兰,europe,3/24/20,5560
荷兰,europe,3/25/20,6412
英国,europe,1/31/20,2
英国,europe,2/1/20,2
英国,europe,2/2/20,2
英国,europe,2/3/20,2
英国,europe,2/4/20,2
英国,europe,2/5/20,2
英国,europe,2/6/20,3
英国,europe,2/7/20,3
英国,europe,2/8/20,3
英国,europe,2/9/20,3
英国,europe,2/10/20,8
英国,europe,2/11/20,8
英国,europe,2/12/20,8
英国,europe,2/13/20,9
英国,europe,2/14/20,9
英国,europe,2/15/20,9
英国,europe,2/16/20,9
英国,europe,2/17/20,9
英国,europe,2/18/20,9
英国,europe,2/19/20,9
英国,europe,2/20/20,9
英国,europe,2/21/20,9
英国,europe,2/22/20,9
英国,europe,2/23/20,9
英国,europe,2/24/20,13
英国,europe,2/25/20,13
英国,europe,2/26/20,13
英国,europe,2/27/20,15
英国,europe,2/28/20,19
英国,europe,2/29/20,23
英国,europe,3/1/20,35
英国,europe,3/2/20,40
英国,europe,3/3/20,51
英国,europe,3/4/20,85
英国,europe,3/5/20,90
英国,europe,3/6/20,163
英国,europe,3/7/20,206
英国,europe,3/8/20,273
英国,europe,3/9/20,319
英国,europe,3/10/20,373
英国,europe,3/11/20,456
英国,europe,3/12/20,590
英国,europe,3/13/20,798
英国,europe,3/14/20,1140
英国,europe,3/15/20,1140
英国,europe,3/16/20,1543
英国,europe,3/17/20,1950
英国,europe,3/18/20,2626
英国,europe,3/19/20,2626
英国,europe,3/20/20,3269
英国,europe,3/21/20,3983
英国,europe,3/22/20,5027
英国,europe,3/23/20,5683
英国,europe,3/24/20,6650
英国,europe,3/25/20,8077
比利时,europe,2/4/20,1
比利时,europe,2/5/20,1
比利时,europe,2/6/20,1
比利时,europe,2/7/20,1
比利时,europe,2/8/20,1
比利时,europe,2/9/20,1
比利时,europe,2/10/20,1
比利时,europe,2/11/20,1
比利时,europe,2/12/20,1
比利时,europe,2/13/20,1
比利时,europe,2/14/20,1
比利时,europe,2/15/20,1
比利时,europe,2/16/20,1
比利时,europe,2/17/20,1
比利时,europe,2/18/20,1
比利时,europe,2/19/20,1
比利时,europe,2/20/20,1
比利时,europe,2/21/20,1
比利时,europe,2/22/20,1
比利时,europe,2/23/20,1
比利时,europe,2/24/20,1
比利时,europe,2/25/20,1
比利时,europe,2/26/20,1
比利时,europe,2/27/20,1
比利时,europe,2/28/20,1
比利时,europe,2/29/20,1
比利时,europe,3/1/20,2
比利时,europe,3/2/20,8
比利时,europe,3/3/20,13
比利时,europe,3/4/20,23
比利时,europe,3/5/20,50
比利时,europe,3/6/20,109
比利时,europe,3/7/20,169
比利时,europe,3/8/20,200
比利时,europe,3/9/20,239
比利时,europe,3/10/20,267
比利时,europe,3/11/20,314
比利时,europe,3/12/20,399
比利时,europe,3/13/20,556
比利时,europe,3/14/20,689
比利时,europe,3/15/20,886
比利时,europe,3/16/20,1085
比利时,europe,3/17/20,1486
比利时,europe,3/18/20,1486
比利时,europe,3/19/20,1795
比利时,europe,3/20/20,2257
比利时,europe,3/21/20,2815
比利时,europe,3/22/20,3401
比利时,europe,3/23/20,3743
比利时,europe,3/24/20,4269
比利时,europe,3/25/20,4937
奥地利,europe,2/25/20,2
奥地利,europe,2/26/20,2
奥地利,europe,2/27/20,3
奥地利,europe,2/28/20,5
奥地利,europe,2/29/20,5
奥地利,europe,3/1/20,10
奥地利,europe,3/2/20,14
奥地利,europe,3/3/20,16
奥地利,europe,3/4/20,24
奥地利,europe,3/5/20,24
奥地利,europe,3/6/20,41
奥地利,europe,3/7/20,55
奥地利,europe,3/8/20,104
奥地利,europe,3/9/20,104
奥地利,europe,3/10/20,157
奥地利,europe,3/11/20,182
奥地利,europe,3/12/20,302
奥地利,europe,3/13/20,361
奥地利,europe,3/14/20,504
奥地利,europe,3/15/20,655
奥地利,europe,3/16/20,860
奥地利,europe,3/17/20,1016
奥地利,europe,3/18/20,1332
奥地利,europe,3/19/20,1646
奥地利,europe,3/20/20,2196
奥地利,europe,3/21/20,2695
奥地利,europe,3/22/20,2695
奥地利,europe,3/23/20,3627
奥地利,europe,3/24/20,4486
奥地利,europe,3/25/20,4876
卡塔尔,me,2/29/20,1
卡塔尔,me,3/1/20,1
卡塔尔,me,3/2/20,1
卡塔尔,me,3/3/20,7
卡塔尔,me,3/4/20,7
卡塔尔,me,3/5/20,7
卡塔尔,me,3/6/20,11
卡塔尔,me,3/7/20,11
卡塔尔,me,3/8/20,11
卡塔尔,me,3/9/20,15
卡塔尔,me,3/10/20,18
卡塔尔,me,3/11/20,262
卡塔尔,me,3/12/20,262
卡塔尔,me,3/13/20,262
卡塔尔,me,3/14/20,337
卡塔尔,me,3/15/20,337
卡塔尔,me,3/16/20,439
卡塔尔,me,3/17/20,439
卡塔尔,me,3/18/20,439
卡塔尔,me,3/19/20,452
卡塔尔,me,3/20/20,460
卡塔尔,me,3/21/20,470
卡塔尔,me,3/22/20,481
卡塔尔,me,3/23/20,494
卡塔尔,me,3/24/20,501
卡塔尔,me,3/25/20,526
巴林,me,2/24/20,1
巴林,me,2/25/20,17
巴林,me,2/26/20,26
巴林,me,2/27/20,33
巴林,me,2/28/20,38
巴林,me,2/29/20,41
巴林,me,3/1/20,41
巴林,me,3/2/20,47
巴林,me,3/3/20,47
巴林,me,3/4/20,50
巴林,me,3/5/20,50
巴林,me,3/6/20,56
巴林,me,3/7/20,56
巴林,me,3/8/20,77
巴林,me,3/9/20,109
巴林,me,3/10/20,109
巴林,me,3/11/20,189
巴林,me,3/12/20,195
巴林,me,3/13/20,210
巴林,me,3/14/20,211
巴林,me,3/15/20,214
巴林,me,3/16/20,221
巴林,me,3/17/20,237
巴林,me,3/18/20,256
巴林,me,3/19/20,269
巴林,me,3/20/20,285
巴林,me,3/21/20,306
巴林,me,3/22/20,334
巴林,me,3/23/20,339
巴林,me,3/24/20,391
巴林,me,3/25/20,419
新加坡,asia,1/28/20,7
新加坡,asia,1/29/20,10
新加坡,asia,1/30/20,16
新加坡,asia,1/31/20,16
新加坡,asia,2/1/20,18
新加坡,asia,2/2/20,18
新加坡,asia,2/3/20,18
新加坡,asia,2/4/20,24
新加坡,asia,2/5/20,28
新加坡,asia,2/6/20,30
新加坡,asia,2/7/20,33
新加坡,asia,2/8/20,40
新加坡,asia,2/9/20,40
新加坡,asia,2/10/20,45
新加坡,asia,2/11/20,47
新加坡,asia,2/12/20,50
新加坡,asia,2/13/20,58
新加坡,asia,2/14/20,67
新加坡,asia,2/15/20,67
新加坡,asia,2/16/20,72
新加坡,asia,2/17/20,75
新加坡,asia,2/18/20,81
新加坡,asia,2/19/20,84
新加坡,asia,2/20/20,84
新加坡,asia,2/21/20,85
新加坡,asia,2/22/20,89
新加坡,asia,2/23/20,89
新加坡,asia,2/24/20,90
新加坡,asia,2/25/20,90
新加坡,asia,2/26/20,93
新加坡,asia,2/27/20,93
新加坡,asia,2/28/20,96
新加坡,asia,2/29/20,102
新加坡,asia,3/1/20,106
新加坡,asia,3/2/20,108
新加坡,asia,3/3/20,110
新加坡,asia,3/4/20,112
新加坡,asia,3/5/20,117
新加坡,asia,3/6/20,130
新加坡,asia,3/7/20,138
新加坡,asia,3/8/20,150
新加坡,asia,3/9/20,160
新加坡,asia,3/10/20,166
新加坡,asia,3/11/20,178
新加坡,asia,3/12/20,187
新加坡,asia,3/13/20,200
新加坡,asia,3/14/20,212
新加坡,asia,3/15/20,226
新加坡,asia,3/16/20,243
新加坡,asia,3/17/20,266
新加坡,asia,3/18/20,313
新加坡,asia,3/19/20,345
新加坡,asia,3/20/20,385
新加坡,asia,3/21/20,432
新加坡,asia,3/22/20,455
新加坡,asia,3/23/20,509
新加坡,asia,3/24/20,558
新加坡,asia,3/25/20,631
澳大利亚,au,1/28/20,5
澳大利亚,au,1/29/20,7
澳大利亚,au,1/30/20,8
澳大利亚,au,1/31/20,9
澳大利亚,au,2/1/20,12
澳大利亚,au,2/2/20,12
澳大利亚,au,2/3/20,12
澳大利亚,au,2/4/20,13
澳大利亚,au,2/5/20,14
澳大利亚,au,2/6/20,15
澳大利亚,au,2/7/20,15
澳大利亚,au,2/8/20,15
澳大利亚,au,2/9/20,15
澳大利亚,au,2/10/20,15
澳大利亚,au,2/11/20,15
澳大利亚,au,2/12/20,15
澳大利亚,au,2/13/20,15
澳大利亚,au,2/14/20,15
澳大利亚,au,2/15/20,15
澳大利亚,au,2/16/20,15
澳大利亚,au,2/17/20,15
澳大利亚,au,2/18/20,15
澳大利亚,au,2/19/20,15
澳大利亚,au,2/20/20,15
澳大利亚,au,2/21/20,17
澳大利亚,au,2/22/20,17
澳大利亚,au,2/23/20,17
澳大利亚,au,2/24/20,22
澳大利亚,au,2/25/20,23
澳大利亚,au,2/26/20,23
澳大利亚,au,2/27/20,23
澳大利亚,au,2/28/20,24
澳大利亚,au,2/29/20,25
澳大利亚,au,3/1/20,28
澳大利亚,au,3/2/20,33
澳大利亚,au,3/3/20,40
澳大利亚,au,3/4/20,44
澳大利亚,au,3/5/20,57
澳大利亚,au,3/6/20,60
澳大利亚,au,3/7/20,64
澳大利亚,au,3/8/20,76
澳大利亚,au,3/9/20,83
澳大利亚,au,3/10/20,101
澳大利亚,au,3/11/20,117
澳大利亚,au,3/12/20,159
澳大利亚,au,3/13/20,159
澳大利亚,au,3/14/20,236
澳大利亚,au,3/15/20,272
澳大利亚,au,3/16/20,368
澳大利亚,au,3/17/20,449
澳大利亚,au,3/18/20,556
澳大利亚,au,3/19/20,636
澳大利亚,au,3/20/20,877
澳大利亚,au,3/21/20,1051
澳大利亚,au,3/22/20,1353
澳大利亚,au,3/23/20,1709
澳大利亚,au,3/24/20,2136
澳大利亚,au,3/25/20,2423
马来西亚,asia,1/28/20,4
马来西亚,asia,1/29/20,7
马来西亚,asia,1/30/20,8
马来西亚,asia,1/31/20,8
马来西亚,asia,2/1/20,8
马来西亚,asia,2/2/20,8
马来西亚,asia,2/3/20,8
马来西亚,asia,2/4/20,10
马来西亚,asia,2/5/20,12
马来西亚,asia,2/6/20,14
马来西亚,asia,2/7/20,15
马来西亚,asia,2/8/20,16
马来西亚,asia,2/9/20,17
马来西亚,asia,2/10/20,18
马来西亚,asia,2/11/20,18
马来西亚,asia,2/12/20,18
马来西亚,asia,2/13/20,19
马来西亚,asia,2/14/20,19
马来西亚,asia,2/15/20,21
马来西亚,asia,2/16/20,22
马来西亚,asia,2/17/20,22
马来西亚,asia,2/18/20,22
马来西亚,asia,2/19/20,22
马来西亚,asia,2/20/20,22
马来西亚,asia,2/21/20,22
马来西亚,asia,2/22/20,22
马来西亚,asia,2/23/20,22
马来西亚,asia,2/24/20,22
马来西亚,asia,2/25/20,22
马来西亚,asia,2/26/20,22
马来西亚,asia,2/27/20,23
马来西亚,asia,2/28/20,25
马来西亚,asia,2/29/20,25
马来西亚,asia,3/1/20,29
马来西亚,asia,3/2/20,29
马来西亚,asia,3/3/20,36
马来西亚,asia,3/4/20,50
马来西亚,asia,3/5/20,55
马来西亚,asia,3/6/20,55
马来西亚,asia,3/7/20,93
马来西亚,asia,3/8/20,99
马来西亚,asia,3/9/20,117
马来西亚,asia,3/10/20,129
马来西亚,asia,3/11/20,149
马来西亚,asia,3/12/20,158
马来西亚,asia,3/13/20,197
马来西亚,asia,3/14/20,238
马来西亚,asia,3/15/20,428
马来西亚,asia,3/16/20,553
马来西亚,asia,3/17/20,673
马来西亚,asia,3/18/20,790
马来西亚,asia,3/19/20,900
马来西亚,asia,3/20/20,1030
马来西亚,asia,3/21/20,1183
马来西亚,asia,3/22/20,1306
马来西亚,asia,3/23/20,1518
马来西亚,asia,3/24/20,1624
马来西亚,asia,3/25/20,1796
加拿大,na,1/28/20,2
加拿大,na,1/29/20,2
加拿大,na,1/30/20,3
加拿大,na,1/31/20,3
加拿大,na,2/1/20,4
加拿大,na,2/2/20,4
加拿大,na,2/3/20,4
加拿大,na,2/4/20,4
加拿大,na,2/5/20,5
加拿大,na,2/6/20,5
加拿大,na,2/7/20,5
加拿大,na,2/8/20,5
加拿大,na,2/9/20,7
加拿大,na,2/10/20,7
加拿大,na,2/11/20,7
加拿大,na,2/12/20,7
加拿大,na,2/13/20,7
加拿大,na,2/14/20,7
加拿大,na,2/15/20,8
加拿大,na,2/16/20,8
加拿大,na,2/17/20,8
加拿大,na,2/18/20,8
加拿大,na,2/19/20,8
加拿大,na,2/20/20,8
加拿大,na,2/21/20,8
加拿大,na,2/22/20,8
加拿大,na,2/23/20,8
加拿大,na,2/24/20,10
加拿大,na,2/25/20,11
加拿大,na,2/26/20,11
加拿大,na,2/27/20,12
加拿大,na,2/28/20,14
加拿大,na,2/29/20,16
加拿大,na,3/1/20,20
加拿大,na,3/2/20,24
加拿大,na,3/3/20,27
加拿大,na,3/4/20,33
加拿大,na,3/5/20,34
加拿大,na,3/6/20,48
加拿大,na,3/7/20,54
加拿大,na,3/8/20,60
加拿大,na,3/9/20,66
加拿大,na,3/10/20,77
加拿大,na,3/11/20,97
加拿大,na,3/12/20,118
加拿大,na,3/13/20,158
加拿大,na,3/14/20,225
加拿大,na,3/15/20,253
加拿大,na,3/16/20,313
加拿大,na,3/17/20,436
加拿大,na,3/18/20,597
加拿大,na,3/19/20,727
加拿大,na,3/20/20,923
加拿大,na,3/21/20,1146
加拿大,na,3/22/20,1377
加拿大,na,3/23/20,1472
加拿大,na,3/24/20,2091
加拿大,na,3/25/20,2892
芬兰,europe,1/30/20,1
芬兰,europe,1/31/20,1
芬兰,europe,2/1/20,1
芬兰,europe,2/2/20,1
芬兰,europe,2/3/20,1
芬兰,europe,2/4/20,1
芬兰,europe,2/5/20,1
芬兰,europe,2/6/20,1
芬兰,europe,2/7/20,1
芬兰,europe,2/8/20,1
芬兰,europe,2/9/20,1
芬兰,europe,2/10/20,1
芬兰,europe,2/11/20,1
芬兰,europe,2/12/20,1
芬兰,europe,2/13/20,1
芬兰,europe,2/14/20,1
芬兰,europe,2/15/20,1
芬兰,europe,2/16/20,1
芬兰,europe,2/17/20,1
芬兰,europe,2/18/20,1
芬兰,europe,2/19/20,1
芬兰,europe,2/20/20,1
芬兰,europe,2/21/20,1
芬兰,europe,2/22/20,1
芬兰,europe,2/23/20,1
芬兰,europe,2/24/20,1
芬兰,europe,2/25/20,1
芬兰,europe,2/26/20,1
芬兰,europe,2/27/20,2
芬兰,europe,2/28/20,2
芬兰,europe,2/29/20,3
芬兰,europe,3/1/20,3
芬兰,europe,3/2/20,6
芬兰,europe,3/3/20,7
芬兰,europe,3/4/20,7
芬兰,europe,3/5/20,12
芬兰,europe,3/6/20,15
芬兰,europe,3/7/20,19
芬兰,europe,3/8/20,19
芬兰,europe,3/9/20,30
芬兰,europe,3/10/20,40
芬兰,europe,3/11/20,40
芬兰,europe,3/12/20,65
芬兰,europe,3/13/20,155
芬兰,europe,3/14/20,155
芬兰,europe,3/15/20,244
芬兰,europe,3/16/20,244
芬兰,europe,3/17/20,272
芬兰,europe,3/18/20,333
芬兰,europe,3/19/20,359
芬兰,europe,3/20/20,400
芬兰,europe,3/21/20,521
芬兰,europe,3/22/20,521
芬兰,europe,3/23/20,626
芬兰,europe,3/24/20,700
芬兰,europe,3/25/20,792
以色列,me,2/21/20,1
以色列,me,2/22/20,1
以色列,me,2/23/20,1
以色列,me,2/24/20,2
以色列,me,2/25/20,2
以色列,me,2/26/20,6
以色列,me,2/27/20,6
以色列,me,2/28/20,8
以色列,me,2/29/20,9
以色列,me,3/1/20,10
以色列,me,3/2/20,10
以色列,me,3/3/20,12
以色列,me,3/4/20,15
以色列,me,3/5/20,15
以色列,me,3/6/20,17
以色列,me,3/7/20,21
以色列,me,3/8/20,25
以色列,me,3/9/20,39
以色列,me,3/10/20,50
以色列,me,3/11/20,76
以色列,me,3/12/20,100
以色列,me,3/13/20,126
以色列,me,3/14/20,154
以色列,me,3/15/20,200
以色列,me,3/16/20,344
以色列,me,3/17/20,344
以色列,me,3/18/20,433
以色列,me,3/19/20,529
以色列,me,3/20/20,705
以色列,me,3/21/20,883
以色列,me,3/22/20,945
以色列,me,3/23/20,1238
以色列,me,3/24/20,1656
以色列,me,3/25/20,2170
希腊,europe,2/26/20,1
希腊,europe,2/27/20,3
希腊,europe,2/28/20,4
希腊,europe,2/29/20,4
希腊,europe,3/1/20,7
希腊,europe,3/2/20,7
希腊,europe,3/3/20,7
希腊,europe,3/4/20,9
希腊,europe,3/5/20,31
希腊,europe,3/6/20,45
希腊,europe,3/7/20,46
希腊,europe,3/8/20,73
希腊,europe,3/9/20,73
希腊,europe,3/10/20,89
希腊,europe,3/11/20,99
希腊,europe,3/12/20,99
希腊,europe,3/13/20,117
希腊,europe,3/14/20,190
希腊,europe,3/15/20,228
希腊,europe,3/16/20,331
希腊,europe,3/17/20,352
希腊,europe,3/18/20,387
希腊,europe,3/19/20,418
希腊,europe,3/20/20,464
希腊,europe,3/21/20,495
希腊,europe,3/22/20,530
希腊,europe,3/23/20,624
希腊,europe,3/24/20,695
希腊,europe,3/25/20,743
捷克,europe,3/2/20,3
捷克,europe,3/3/20,5
捷克,europe,3/4/20,5
捷克,europe,3/5/20,8
捷克,europe,3/6/20,12
捷克,europe,3/7/20,18
捷克,europe,3/8/20,21
捷克,europe,3/9/20,32
捷克,europe,3/10/20,40
捷克,europe,3/11/20,61
捷克,europe,3/12/20,94
捷克,europe,3/13/20,116
捷克,europe,3/14/20,141
捷克,europe,3/15/20,189
捷克,europe,3/16/20,293
捷克,europe,3/17/20,344
捷克,europe,3/18/20,344
捷克,europe,3/19/20,572
捷克,europe,3/20/20,774
捷克,europe,3/21/20,833
捷克,europe,3/22/20,1047
捷克,europe,3/23/20,1165
捷克,europe,3/24/20,1236
捷克,europe,3/25/20,1497
冰岛,europe,2/29/20,1
冰岛,europe,3/1/20,1
冰岛,europe,3/2/20,3
冰岛,europe,3/3/20,9
冰岛,europe,3/4/20,20
冰岛,europe,3/5/20,34
冰岛,europe,3/6/20,37
冰岛,europe,3/7/20,45
冰岛,europe,3/8/20,55
冰岛,europe,3/9/20,58
冰岛,europe,3/10/20,65
冰岛,europe,3/11/20,81
冰岛,europe,3/12/20,109
冰岛,europe,3/13/20,117
冰岛,europe,3/14/20,134
冰岛,europe,3/15/20,134
冰岛,europe,3/16/20,171
冰岛,europe,3/17/20,180
冰岛,europe,3/18/20,220
冰岛,europe,3/19/20,250
冰岛,europe,3/20/20,330
冰岛,europe,3/21/20,409
冰岛,europe,3/22/20,473
冰岛,europe,3/23/20,568
冰岛,europe,3/24/20,588
冰岛,europe,3/25/20,648
斯洛文尼亚,europe,3/5/20,1
斯洛文尼亚,europe,3/6/20,7
斯洛文尼亚,europe,3/7/20,8
斯洛文尼亚,europe,3/8/20,16
斯洛文尼亚,europe,3/9/20,16
斯洛文尼亚,europe,3/10/20,31
斯洛文尼亚,europe,3/11/20,47
斯洛文尼亚,europe,3/12/20,89
斯洛文尼亚,europe,3/13/20,141
斯洛文尼亚,europe,3/14/20,181
斯洛文尼亚,europe,3/15/20,181
斯洛文尼亚,europe,3/16/20,219
斯洛文尼亚,europe,3/17/20,253
斯洛文尼亚,europe,3/18/20,253
斯洛文尼亚,europe,3/19/20,253
斯洛文尼亚,europe,3/20/20,286
斯洛文尼亚,europe,3/21/20,341
斯洛文尼亚,europe,3/22/20,341
斯洛文尼亚,europe,3/23/20,414
斯洛文尼亚,europe,3/24/20,442
斯洛文尼亚,europe,3/25/20,476
阿联酋,me,1/29/20,4
阿联酋,me,1/30/20,4
阿联酋,me,1/31/20,5
阿联酋,me,2/1/20,5
阿联酋,me,2/2/20,5
阿联酋,me,2/3/20,5
阿联酋,me,2/4/20,5
阿联酋,me,2/5/20,5
阿联酋,me,2/6/20,5
阿联酋,me,2/7/20,5
阿联酋,me,2/8/20,7
阿联酋,me,2/9/20,7
阿联酋,me,2/10/20,7
阿联酋,me,2/11/20,8
阿联酋,me,2/12/20,8
阿联酋,me,2/13/20,8
阿联酋,me,2/14/20,8
阿联酋,me,2/15/20,8
阿联酋,me,2/16/20,8
阿联酋,me,2/17/20,9
阿联酋,me,2/18/20,9
阿联酋,me,2/19/20,9
阿联酋,me,2/20/20,9
阿联酋,me,2/21/20,9
阿联酋,me,2/22/20,13
阿联酋,me,2/23/20,13
阿联酋,me,2/24/20,13
阿联酋,me,2/25/20,13
阿联酋,me,2/26/20,13
阿联酋,me,2/27/20,13
阿联酋,me,2/28/20,19
阿联酋,me,2/29/20,21
阿联酋,me,3/1/20,21
阿联酋,me,3/2/20,21
阿联酋,me,3/3/20,21
阿联酋,me,3/4/20,27
阿联酋,me,3/5/20,28
阿联酋,me,3/6/20,29
阿联酋,me,3/7/20,45
阿联酋,me,3/8/20,45
阿联酋,me,3/9/20,59
阿联酋,me,3/10/20,74
阿联酋,me,3/11/20,74
阿联酋,me,3/12/20,85
阿联酋,me,3/13/20,85
阿联酋,me,3/14/20,85
阿联酋,me,3/15/20,86
阿联酋,me,3/16/20,98
阿联酋,me,3/17/20,98
阿联酋,me,3/18/20,113
阿联酋,me,3/19/20,140
阿联酋,me,3/20/20,140
阿联酋,me,3/21/20,153
阿联酋,me,3/22/20,153
阿联酋,me,3/23/20,198
阿联酋,me,3/24/20,198
阿联酋,me,3/25/20,333
伊拉克,me,2/25/20,5
伊拉克,me,2/26/20,5
伊拉克,me,2/27/20,6
伊拉克,me,2/28/20,7
伊拉克,me,2/29/20,8
伊拉克,me,3/1/20,13
伊拉克,me,3/2/20,21
伊拉克,me,3/3/20,26
伊拉克,me,3/4/20,31
伊拉克,me,3/5/20,31
伊拉克,me,3/6/20,38
伊拉克,me,3/7/20,46
伊拉克,me,3/8/20,55
伊拉克,me,3/9/20,61
伊拉克,me,3/10/20,71
伊拉克,me,3/11/20,71
伊拉克,me,3/12/20,73
伊拉克,me,3/13/20,83
伊拉克,me,3/14/20,93
伊拉克,me,3/15/20,110
伊拉克,me,3/16/20,124
伊拉克,me,3/17/20,154
伊拉克,me,3/18/20,164
伊拉克,me,3/19/20,177
伊拉克,me,3/20/20,192
伊拉克,me,3/21/20,208
伊拉克,me,3/22/20,214
伊拉克,me,3/23/20,233
伊拉克,me,3/24/20,266
伊拉克,me,3/25/20,346
科威特,me,2/24/20,3
科威特,me,2/25/20,8
科威特,me,2/26/20,25
科威特,me,2/27/20,43
科威特,me,2/28/20,45
科威特,me,2/29/20,45
科威特,me,3/1/20,46
科威特,me,3/2/20,56
科威特,me,3/3/20,56
科威特,me,3/4/20,56
科威特,me,3/5/20,58
科威特,me,3/6/20,58
科威特,me,3/7/20,58
科威特,me,3/8/20,64
科威特,me,3/9/20,65
科威特,me,3/10/20,69
科威特,me,3/11/20,72
科威特,me,3/12/20,80
科威特,me,3/13/20,100
科威特,me,3/14/20,100
科威特,me,3/15/20,100
科威特,me,3/16/20,123
科威特,me,3/17/20,130
科威特,me,3/18/20,142
科威特,me,3/19/20,148
科威特,me,3/20/20,159
科威特,me,3/21/20,176
科威特,me,3/22/20,188
科威特,me,3/23/20,189
科威特,me,3/24/20,191
科威特,me,3/25/20,195
埃及,me,3/2/20,2
埃及,me,3/3/20,2
埃及,me,3/4/20,2
埃及,me,3/5/20,3
埃及,me,3/6/20,3
埃及,me,3/7/20,15
埃及,me,3/8/20,48
埃及,me,3/9/20,55
埃及,me,3/10/20,59
埃及,me,3/11/20,59
埃及,me,3/12/20,67
埃及,me,3/13/20,80
埃及,me,3/14/20,93
埃及,me,3/15/20,110
埃及,me,3/16/20,126
埃及,me,3/17/20,166
埃及,me,3/18/20,196
埃及,me,3/19/20,210
埃及,me,3/20/20,256
埃及,me,3/21/20,285
埃及,me,3/22/20,294
埃及,me,3/23/20,327
埃及,me,3/24/20,366
埃及,me,3/25/20,442
黎巴嫩,me,2/21/20,1
黎巴嫩,me,2/22/20,1
黎巴嫩,me,2/23/20,1
黎巴嫩,me,2/24/20,1
黎巴嫩,me,2/25/20,1
黎巴嫩,me,2/26/20,2
黎巴嫩,me,2/27/20,3
黎巴嫩,me,2/28/20,3
黎巴嫩,me,2/29/20,3
黎巴嫩,me,3/1/20,3
黎巴嫩,me,3/2/20,3
黎巴嫩,me,3/3/20,3
黎巴嫩,me,3/4/20,13
黎巴嫩,me,3/5/20,15
黎巴嫩,me,3/6/20,15
黎巴嫩,me,3/7/20,22
黎巴嫩,me,3/8/20,28
黎巴嫩,me,3/9/20,32
黎巴嫩,me,3/10/20,41
黎巴嫩,me,3/11/20,59
黎巴嫩,me,3/12/20,68
黎巴嫩,me,3/13/20,77
黎巴嫩,me,3/14/20,93
黎巴嫩,me,3/15/20,99
黎巴嫩,me,3/16/20,109
黎巴嫩,me,3/17/20,120
黎巴嫩,me,3/18/20,120
黎巴嫩,me,3/19/20,149
黎巴嫩,me,3/20/20,163
黎巴嫩,me,3/21/20,206
黎巴嫩,me,3/22/20,248
黎巴嫩,me,3/23/20,267
黎巴嫩,me,3/24/20,304
黎巴嫩,me,3/25/20,333
巴西,sa,2/26/20,1
巴西,sa,2/27/20,1
巴西,sa,2/28/20,1
巴西,sa,2/29/20,1
巴西,sa,3/1/20,2
巴西,sa,3/2/20,2
巴西,sa,3/3/20,2
巴西,sa,3/4/20,2
巴西,sa,3/5/20,3
巴西,sa,3/6/20,8
巴西,sa,3/7/20,13
巴西,sa,3/8/20,19
巴西,sa,3/9/20,25
巴西,sa,3/10/20,30
巴西,sa,3/11/20,34
巴西,sa,3/12/20,52
巴西,sa,3/13/20,77
巴西,sa,3/14/20,98
巴西,sa,3/15/20,121
巴西,sa,3/16/20,200
巴西,sa,3/17/20,234
巴西,sa,3/18/20,291
巴西,sa,3/19/20,514
巴西,sa,3/20/20,647
巴西,sa,3/21/20,970
巴西,sa,3/22/20,1128
巴西,sa,3/23/20,1546
巴西,sa,3/24/20,1891
巴西,sa,3/25/20,2201
泰国,asia,1/28/20,14
泰国,asia,1/29/20,14
泰国,asia,1/30/20,14
泰国,asia,1/31/20,19
泰国,asia,2/1/20,19
泰国,asia,2/2/20,19
泰国,asia,2/3/20,19
泰国,asia,2/4/20,25
泰国,asia,2/5/20,25
泰国,asia,2/6/20,25
泰国,asia,2/7/20,25
泰国,asia,2/8/20,32
泰国,asia,2/9/20,32
泰国,asia,2/10/20,32
泰国,asia,2/11/20,33
泰国,asia,2/12/20,33
泰国,asia,2/13/20,33
泰国,asia,2/14/20,33
泰国,asia,2/15/20,34
泰国,asia,2/16/20,35
泰国,asia,2/17/20,35
泰国,asia,2/18/20,35
泰国,asia,2/19/20,35
泰国,asia,2/20/20,35
泰国,asia,2/21/20,35
泰国,asia,2/22/20,35
泰国,asia,2/23/20,35
泰国,asia,2/24/20,35
泰国,asia,2/25/20,37
泰国,asia,2/26/20,40
泰国,asia,2/27/20,40
泰国,asia,2/28/20,41
泰国,asia,2/29/20,42
泰国,asia,3/1/20,42
泰国,asia,3/2/20,43
泰国,asia,3/3/20,43
泰国,asia,3/4/20,43
泰国,asia,3/5/20,47
泰国,asia,3/6/20,48
泰国,asia,3/7/20,50
泰国,asia,3/8/20,50
泰国,asia,3/9/20,50
泰国,asia,3/10/20,53
泰国,asia,3/11/20,59
泰国,asia,3/12/20,70
泰国,asia,3/13/20,75
泰国,asia,3/14/20,82
泰国,asia,3/15/20,114
泰国,asia,3/16/20,147
泰国,asia,3/17/20,177
泰国,asia,3/18/20,212
泰国,asia,3/19/20,272
泰国,asia,3/20/20,322
泰国,asia,3/21/20,411
泰国,asia,3/22/20,599
泰国,asia,3/23/20,721
泰国,asia,3/24/20,827
泰国,asia,3/25/20,934
印度,asia,1/30/20,1
印度,asia,1/31/20,1
印度,asia,2/1/20,1
印度,asia,2/2/20,2
印度,asia,2/3/20,3
印度,asia,2/4/20,3
印度,asia,2/5/20,3
印度,asia,2/6/20,3
印度,asia,2/7/20,3
印度,asia,2/8/20,3
印度,asia,2/9/20,3
印度,asia,2/10/20,3
印度,asia,2/11/20,3
印度,asia,2/12/20,3
印度,asia,2/13/20,3
印度,asia,2/14/20,3
印度,asia,2/15/20,3
印度,asia,2/16/20,3
印度,asia,2/17/20,3
印度,asia,2/18/20,3
印度,asia,2/19/20,3
印度,asia,2/20/20,3
印度,asia,2/21/20,3
印度,asia,2/22/20,3
印度,asia,2/23/20,3
印度,asia,2/24/20,3
印度,asia,2/25/20,3
印度,asia,2/26/20,3
印度,asia,2/27/20,3
印度,asia,2/28/20,3
印度,asia,2/29/20,3
印度,asia,3/1/20,3
印度,asia,3/2/20,5
印度,asia,3/3/20,11
印度,asia,3/4/20,28
印度,asia,3/5/20,30
印度,asia,3/6/20,31
印度,asia,3/7/20,33
印度,asia,3/8/20,40
印度,asia,3/9/20,43
印度,asia,3/10/20,59
印度,asia,3/11/20,62
印度,asia,3/12/20,74
印度,asia,3/13/20,81
印度,asia,3/14/20,84
印度,asia,3/15/20,107
印度,asia,3/16/20,117
印度,asia,3/17/20,137
印度,asia,3/18/20,151
印度,asia,3/19/20,173
印度,asia,3/20/20,223
印度,asia,3/21/20,283
印度,asia,3/22/20,341
印度,asia,3/23/20,425
印度,asia,3/24/20,519
印度,asia,3/25/20,606
爱尔兰,europe,3/1/20,1
爱尔兰,europe,3/2/20,1
爱尔兰,europe,3/3/20,1
爱尔兰,europe,3/4/20,2
爱尔兰,europe,3/5/20,6
爱尔兰,europe,3/6/20,13
爱尔兰,europe,3/7/20,18
爱尔兰,europe,3/8/20,19
爱尔兰,europe,3/9/20,21
爱尔兰,europe,3/10/20,24
爱尔兰,europe,3/11/20,34
爱尔兰,europe,3/12/20,43
爱尔兰,europe,3/13/20,70
爱尔兰,europe,3/14/20,90
爱尔兰,europe,3/15/20,129
爱尔兰,europe,3/16/20,169
爱尔兰,europe,3/17/20,223
爱尔兰,europe,3/18/20,292
爱尔兰,europe,3/19/20,366
爱尔兰,europe,3/20/20,557
爱尔兰,europe,3/21/20,683
爱尔兰,europe,3/22/20,785
爱尔兰,europe,3/23/20,906
爱尔兰,europe,3/24/20,1125
爱尔兰,europe,3/25/20,1329
圣马力诺,europe,3/6/20,23
圣马力诺,europe,3/7/20,23
圣马力诺,europe,3/8/20,26
圣马力诺,europe,3/9/20,36
圣马力诺,europe,3/10/20,51
圣马力诺,europe,3/11/20,62
圣马力诺,europe,3/12/20,69
圣马力诺,europe,3/13/20,69
圣马力诺,europe,3/14/20,73
圣马力诺,europe,3/15/20,73
圣马力诺,europe,3/16/20,98
圣马力诺,europe,3/17/20,98
圣马力诺,europe,3/18/20,98
圣马力诺,europe,3/19/20,109
圣马力诺,europe,3/20/20,109
圣马力诺,europe,3/21/20,151
圣马力诺,europe,3/22/20,151
圣马力诺,europe,3/23/20,175
印度尼西亚,asia,3/2/20,2
印度尼西亚,asia,3/3/20,2
印度尼西亚,asia,3/4/20,2
印度尼西亚,asia,3/5/20,2
印度尼西亚,asia,3/6/20,4
印度尼西亚,asia,3/7/20,4
印度尼西亚,asia,3/8/20,6
印度尼西亚,asia,3/9/20,19
印度尼西亚,asia,3/10/20,27
印度尼西亚,asia,3/11/20,34
印度尼西亚,asia,3/12/20,34
印度尼西亚,asia,3/13/20,69
印度尼西亚,asia,3/14/20,96
印度尼西亚,asia,3/15/20,117
印度尼西亚,asia,3/16/20,134
印度尼西亚,asia,3/17/20,172
印度尼西亚,asia,3/18/20,227
印度尼西亚,asia,3/19/20,309
印度尼西亚,asia,3/20/20,369
印度尼西亚,asia,3/21/20,450
印度尼西亚,asia,3/22/20,514
印度尼西亚,asia,3/23/20,579
印度尼西亚,asia,3/24/20,686
印度尼西亚,asia,3/25/20,790
沙特阿拉伯,me,3/3/20,1
沙特阿拉伯,me,3/4/20,1
沙特阿拉伯,me,3/5/20,2
沙特阿拉伯,me,3/6/20,5
沙特阿拉伯,me,3/7/20,7
沙特阿拉伯,me,3/8/20,11
沙特阿拉伯,me,3/9/20,15
沙特阿拉伯,me,3/10/20,20
沙特阿拉伯,me,3/11/20,21
沙特阿拉伯,me,3/12/20,45
沙特阿拉伯,me,3/13/20,62
沙特阿拉伯,me,3/14/20,86
沙特阿拉伯,me,3/15/20,103
沙特阿拉伯,me,3/16/20,118
沙特阿拉伯,me,3/17/20,133
沙特阿拉伯,me,3/18/20,171
沙特阿拉伯,me,3/19/20,238
沙特阿拉伯,me,3/20/20,274
沙特阿拉伯,me,3/21/20,392
沙特阿拉伯,me,3/22/20,511
沙特阿拉伯,me,3/23/20,562
沙特阿拉伯,me,3/24/20,767
沙特阿拉伯,me,3/25/20,900
葡萄牙,europe,3/2/20,2
葡萄牙,europe,3/3/20,2
葡萄牙,europe,3/4/20,5
葡萄牙,europe,3/5/20,5
葡萄牙,europe,3/6/20,5
葡萄牙,europe,3/7/20,15
葡萄牙,europe,3/8/20,18
葡萄牙,europe,3/9/20,30
葡萄牙,europe,3/10/20,30
葡萄牙,europe,3/11/20,41
葡萄牙,europe,3/12/20,59
葡萄牙,europe,3/13/20,112
葡萄牙,europe,3/14/20,112
葡萄牙,europe,3/15/20,169
葡萄牙,europe,3/16/20,245
葡萄牙,europe,3/17/20,448
葡萄牙,europe,3/18/20,448
葡萄牙,europe,3/19/20,785
葡萄牙,europe,3/20/20,785
葡萄牙,europe,3/21/20,1280
葡萄牙,europe,3/22/20,1600
葡萄牙,europe,3/23/20,2060
葡萄牙,europe,3/24/20,2362
葡萄牙,europe,3/25/20,2995
罗马尼亚,europe,2/27/20,1
罗马尼亚,europe,2/28/20,3
罗马尼亚,europe,2/29/20,3
罗马尼亚,europe,3/1/20,3
罗马尼亚,europe,3/2/20,3
罗马尼亚,europe,3/3/20,3
罗马尼亚,europe,3/4/20,4
罗马尼亚,europe,3/5/20,6
罗马尼亚,europe,3/6/20,7
罗马尼亚,europe,3/7/20,9
罗马尼亚,europe,3/8/20,14
罗马尼亚,europe,3/9/20,15
罗马尼亚,europe,3/10/20,17
罗马尼亚,europe,3/11/20,31
罗马尼亚,europe,3/12/20,49
罗马尼亚,europe,3/13/20,70
罗马尼亚,europe,3/14/20,101
罗马尼亚,europe,3/15/20,123
罗马尼亚,europe,3/16/20,123
罗马尼亚,europe,3/17/20,158
罗马尼亚,europe,3/18/20,158
罗马尼亚,europe,3/19/20,158
罗马尼亚,europe,3/20/20,277
罗马尼亚,europe,3/21/20,308
罗马尼亚,europe,3/22/20,433
罗马尼亚,europe,3/23/20,433
罗马尼亚,europe,3/24/20,763
罗马尼亚,europe,3/25/20,763
菲律宾,asia,1/28/20,1
菲律宾,asia,1/29/20,1
菲律宾,asia,1/30/20,1
菲律宾,asia,1/31/20,1
菲律宾,asia,2/1/20,1
菲律宾,asia,2/2/20,2
菲律宾,asia,2/3/20,2
菲律宾,asia,2/4/20,2
菲律宾,asia,2/5/20,3
菲律宾,asia,2/6/20,3
菲律宾,asia,2/7/20,3
菲律宾,asia,2/8/20,3
菲律宾,asia,2/9/20,3
菲律宾,asia,2/10/20,3
菲律宾,asia,2/11/20,3
菲律宾,asia,2/12/20,3
菲律宾,asia,2/13/20,3
菲律宾,asia,2/14/20,3
菲律宾,asia,2/15/20,3
菲律宾,asia,2/16/20,3
菲律宾,asia,2/17/20,3
菲律宾,asia,2/18/20,3
菲律宾,asia,2/19/20,3
菲律宾,asia,2/20/20,3
菲律宾,asia,2/21/20,3
菲律宾,asia,2/22/20,3
菲律宾,asia,2/23/20,3
菲律宾,asia,2/24/20,3
菲律宾,asia,2/25/20,3
菲律宾,asia,2/26/20,3
菲律宾,asia,2/27/20,3
菲律宾,asia,2/28/20,3
菲律宾,asia,2/29/20,3
菲律宾,asia,3/1/20,3
菲律宾,asia,3/2/20,5
菲律宾,asia,3/3/20,5
菲律宾,asia,3/4/20,5
菲律宾,asia,3/5/20,5
菲律宾,asia,3/6/20,5
菲律宾,asia,3/7/20,6
菲律宾,asia,3/8/20,6
菲律宾,asia,3/9/20,20
菲律宾,asia,3/10/20,35
菲律宾,asia,3/11/20,49
菲律宾,asia,3/12/20,52
菲律宾,asia,3/13/20,64
菲律宾,asia,3/14/20,98
菲律宾,asia,3/15/20,140
菲律宾,asia,3/16/20,142
菲律宾,asia,3/17/20,187
菲律宾,asia,3/18/20,202
菲律宾,asia,3/19/20,217
菲律宾,asia,3/20/20,230
菲律宾,asia,3/21/20,307
菲律宾,asia,3/22/20,380
菲律宾,asia,3/23/20,462
菲律宾,asia,3/24/20,552
菲律宾,asia,3/25/20,636
波兰,europe,3/4/20,1
波兰,europe,3/5/20,1
波兰,europe,3/6/20,1
波兰,europe,3/7/20,5
波兰,europe,3/8/20,8
波兰,europe,3/9/20,16
波兰,europe,3/10/20,18
波兰,europe,3/11/20,25
波兰,europe,3/12/20,47
波兰,europe,3/13/20,51
波兰,europe,3/14/20,68
波兰,europe,3/15/20,104
波兰,europe,3/16/20,125
波兰,europe,3/17/20,177
波兰,europe,3/18/20,238
波兰,europe,3/19/20,287
波兰,europe,3/20/20,355
波兰,europe,3/21/20,425
波兰,europe,3/22/20,563
波兰,europe,3/23/20,634
波兰,europe,3/24/20,749
波兰,europe,3/25/20,901
越南,asia,1/28/20,2
越南,asia,1/29/20,2
越南,asia,1/30/20,5
越南,asia,1/31/20,5
越南,asia,2/1/20,6
越南,asia,2/2/20,7
越南,asia,2/3/20,8
越南,asia,2/4/20,10
越南,asia,2/5/20,10
越南,asia,2/6/20,12
越南,asia,2/7/20,12
越南,asia,2/8/20,13
越南,asia,2/9/20,14
越南,asia,2/10/20,14
越南,asia,2/11/20,15
越南,asia,2/12/20,15
越南,asia,2/13/20,16
越南,asia,2/14/20,16
越南,asia,2/15/20,16
越南,asia,2/16/20,16
越南,asia,2/17/20,16
越南,asia,2/18/20,16
越南,asia,2/19/20,16
越南,asia,2/20/20,16
越南,asia,2/21/20,16
越南,asia,2/22/20,16
越南,asia,2/23/20,16
越南,asia,2/24/20,16
越南,asia,2/25/20,16
越南,asia,2/26/20,16
越南,asia,2/27/20,16
越南,asia,2/28/20,16
越南,asia,2/29/20,16
越南,asia,3/1/20,16
越南,asia,3/2/20,16
越南,asia,3/3/20,16
越南,asia,3/4/20,16
越南,asia,3/5/20,16
越南,asia,3/6/20,16
越南,asia,3/7/20,18
越南,asia,3/8/20,30
越南,asia,3/9/20,30
越南,asia,3/10/20,34
越南,asia,3/11/20,39
越南,asia,3/12/20,44
越南,asia,3/13/20,47
越南,asia,3/14/20,53
越南,asia,3/15/20,54
越南,asia,3/16/20,60
越南,asia,3/17/20,60
越南,asia,3/18/20,68
越南,asia,3/19/20,76
越南,asia,3/20/20,87
越南,asia,3/21/20,94
越南,asia,3/22/20,99
越南,asia,3/23/20,123
越南,asia,3/24/20,123
越南,asia,3/25/20,141
爱沙尼亚,europe,2/27/20,1
爱沙尼亚,europe,2/28/20,1
爱沙尼亚,europe,2/29/20,1
爱沙尼亚,europe,3/1/20,1
爱沙尼亚,europe,3/2/20,1
爱沙尼亚,europe,3/3/20,1
爱沙尼亚,europe,3/4/20,1
爱沙尼亚,europe,3/5/20,3
爱沙尼亚,europe,3/6/20,5
爱沙尼亚,europe,3/7/20,10
爱沙尼亚,europe,3/8/20,10
爱沙尼亚,europe,3/9/20,10
爱沙尼亚,europe,3/10/20,12
爱沙尼亚,europe,3/11/20,13
爱沙尼亚,europe,3/12/20,16
爱沙尼亚,europe,3/13/20,41
爱沙尼亚,europe,3/14/20,68
爱沙尼亚,europe,3/15/20,135
爱沙尼亚,europe,3/16/20,171
爱沙尼亚,europe,3/17/20,205
爱沙尼亚,europe,3/18/20,258
爱沙尼亚,europe,3/19/20,258
爱沙尼亚,europe,3/20/20,267
爱沙尼亚,europe,3/21/20,283
爱沙尼亚,europe,3/22/20,306
爱沙尼亚,europe,3/23/20,326
爱沙尼亚,europe,3/24/20,352
爱沙尼亚,europe,3/25/20,369
俄罗斯,europe,1/31/20,2
俄罗斯,europe,2/1/20,2
俄罗斯,europe,2/2/20,2
俄罗斯,europe,2/3/20,2
俄罗斯,europe,2/4/20,2
俄罗斯,europe,2/5/20,2
俄罗斯,europe,2/6/20,2
俄罗斯,europe,2/7/20,2
俄罗斯,europe,2/8/20,2
俄罗斯,europe,2/9/20,2
俄罗斯,europe,2/10/20,2
俄罗斯,europe,2/11/20,2
俄罗斯,europe,2/12/20,2
俄罗斯,europe,2/13/20,2
俄罗斯,europe,2/14/20,2
俄罗斯,europe,2/15/20,2
俄罗斯,europe,2/16/20,2
俄罗斯,europe,2/17/20,2
俄罗斯,europe,2/18/20,2
俄罗斯,europe,2/19/20,2
俄罗斯,europe,2/20/20,2
俄罗斯,europe,2/21/20,2
俄罗斯,europe,2/22/20,2
俄罗斯,europe,2/23/20,2
俄罗斯,europe,2/24/20,2
俄罗斯,europe,2/25/20,2
俄罗斯,europe,2/26/20,2
俄罗斯,europe,2/27/20,5
俄罗斯,europe,2/28/20,5
俄罗斯,europe,2/29/20,5
俄罗斯,europe,3/1/20,5
俄罗斯,europe,3/2/20,6
俄罗斯,europe,3/3/20,6
俄罗斯,europe,3/4/20,6
俄罗斯,europe,3/5/20,7
俄罗斯,europe,3/6/20,13
俄罗斯,europe,3/7/20,17
俄罗斯,europe,3/8/20,17
俄罗斯,europe,3/9/20,20
俄罗斯,europe,3/10/20,20
俄罗斯,europe,3/11/20,20
俄罗斯,europe,3/12/20,28
俄罗斯,europe,3/13/20,34
俄罗斯,europe,3/14/20,59
俄罗斯,europe,3/15/20,60
俄罗斯,europe,3/16/20,93
俄罗斯,europe,3/17/20,114
俄罗斯,europe,3/18/20,147
俄罗斯,europe,3/19/20,199
俄罗斯,europe,3/20/20,253
俄罗斯,europe,3/21/20,306
俄罗斯,europe,3/22/20,367
俄罗斯,europe,3/23/20,438
俄罗斯,europe,3/24/20,498
俄罗斯,europe,3/25/20,658
智利,sa,3/4/20,1
智利,sa,3/5/20,3
智利,sa,3/6/20,4
智利,sa,3/7/20,4
智利,sa,3/8/20,7
智利,sa,3/9/20,8
智利,sa,3/10/20,13
智利,sa,3/11/20,17
智利,sa,3/12/20,23
智利,sa,3/13/20,33
智利,sa,3/14/20,43
智利,sa,3/15/20,61
智利,sa,3/16/20,75
智利,sa,3/17/20,156
智利,sa,3/18/20,201
智利,sa,3/19/20,238
智利,sa,3/20/20,342
智利,sa,3/21/20,434
智利,sa,3/22/20,537
智利,sa,3/23/20,632
智利,sa,3/24/20,746
智利,sa,3/25/20,922
克罗地亚,europe,2/25/20,1
克罗地亚,europe,2/26/20,1
克罗地亚,europe,2/27/20,3
克罗地亚,europe,2/28/20,3
克罗地亚,europe,2/29/20,5
克罗地亚,europe,3/1/20,7
克罗地亚,europe,3/2/20,8
克罗地亚,europe,3/3/20,9
克罗地亚,europe,3/4/20,9
克罗地亚,europe,3/5/20,10
克罗地亚,europe,3/6/20,11
克罗地亚,europe,3/7/20,12
克罗地亚,europe,3/8/20,12
克罗地亚,europe,3/9/20,12
克罗地亚,europe,3/10/20,13
克罗地亚,europe,3/11/20,16
克罗地亚,europe,3/12/20,19
克罗地亚,europe,3/13/20,31
克罗地亚,europe,3/14/20,37
克罗地亚,europe,3/15/20,46
克罗地亚,europe,3/16/20,46
克罗地亚,europe,3/17/20,57
克罗地亚,europe,3/18/20,57
克罗地亚,europe,3/19/20,81
克罗地亚,europe,3/20/20,110
克罗地亚,europe,3/21/20,130
克罗地亚,europe,3/22/20,206
克罗地亚,europe,3/23/20,254
克罗地亚,europe,3/24/20,315
克罗地亚,europe,3/25/20,382
塞尔维亚,europe,3/6/20,1
塞尔维亚,europe,3/7/20,1
塞尔维亚,europe,3/8/20,1
塞尔维亚,europe,3/9/20,1
塞尔维亚,europe,3/10/20,4
塞尔维亚,europe,3/11/20,12
塞尔维亚,europe,3/12/20,19
塞尔维亚,europe,3/13/20,31
塞尔维亚,europe,3/14/20,41
塞尔维亚,europe,3/15/20,46
塞尔维亚,europe,3/16/20,55
塞尔维亚,europe,3/17/20,65
塞尔维亚,europe,3/18/20,83
塞尔维亚,europe,3/19/20,89
塞尔维亚,europe,3/20/20,118
塞尔维亚,europe,3/21/20,149
塞尔维亚,europe,3/22/20,171
塞尔维亚,europe,3/23/20,222
塞尔维亚,europe,3/24/20,249
塞尔维亚,europe,3/25/20,384
巴勒斯坦,me,3/6/20,7
巴勒斯坦,me,3/7/20,16
巴勒斯坦,me,3/8/20,19
巴勒斯坦,me,3/9/20,19
巴勒斯坦,me,3/10/20,25
巴勒斯坦,me,3/11/20,30
巴勒斯坦,me,3/12/20,30
巴勒斯坦,me,3/13/20,31
巴勒斯坦,me,3/14/20,35
巴勒斯坦,me,3/15/20,35
巴勒斯坦,me,3/16/20,35
巴勒斯坦,me,3/17/20,39
巴勒斯坦,me,3/18/20,41
巴勒斯坦,me,3/19/20,44
巴勒斯坦,me,3/20/20,47
巴勒斯坦,me,3/21/20,53
巴勒斯坦,me,3/22/20,59
巴勒斯坦,me,3/23/20,59
巴勒斯坦,me,3/24/20,59
巴勒斯坦,me,3/25/20,60
阿根廷,me,3/4/20,1
阿根廷,me,3/5/20,1
阿根廷,me,3/6/20,2
阿根廷,me,3/7/20,8
阿根廷,me,3/8/20,8
阿根廷,me,3/9/20,12
阿根廷,me,3/10/20,17
阿根廷,me,3/11/20,19
阿根廷,me,3/12/20,21
阿根廷,me,3/13/20,31
阿根廷,me,3/14/20,34
阿根廷,me,3/15/20,45
阿根廷,me,3/16/20,56
阿根廷,me,3/17/20,65
阿根廷,me,3/18/20,79
阿根廷,me,3/19/20,97
阿根廷,me,3/20/20,128
阿根廷,me,3/21/20,158
阿根廷,me,3/22/20,225
阿根廷,me,3/23/20,265
阿根廷,me,3/24/20,301
阿根廷,me,3/25/20,387
巴拿马,me,3/10/20,1
巴拿马,me,3/11/20,8
巴拿马,me,3/12/20,11
巴拿马,me,3/13/20,27
巴拿马,me,3/14/20,27
巴拿马,me,3/15/20,43
巴拿马,me,3/16/20,55
巴拿马,me,3/17/20,71
巴拿马,me,3/18/20,86
巴拿马,me,3/19/20,109
巴拿马,me,3/20/20,137
巴拿马,me,3/21/20,200
巴拿马,me,3/22/20,245
巴拿马,me,3/23/20,313
巴拿马,me,3/24/20,345
巴拿马,me,3/25/20,443
阿尔及利亚,me,2/26/20,1
阿尔及利亚,me,2/27/20,1
阿尔及利亚,me,2/28/20,1
阿尔及利亚,me,2/29/20,1
阿尔及利亚,me,3/1/20,1
阿尔及利亚,me,3/2/20,3
阿尔及利亚,me,3/3/20,5
阿尔及利亚,me,3/4/20,8
阿尔及利亚,me,3/5/20,17
阿尔及利亚,me,3/6/20,17
阿尔及利亚,me,3/7/20,19
阿尔及利亚,me,3/8/20,20
阿尔及利亚,me,3/9/20,20
阿尔及利亚,me,3/10/20,20
阿尔及利亚,me,3/11/20,20
阿尔及利亚,me,3/12/20,25
阿尔及利亚,me,3/13/20,26
阿尔及利亚,me,3/14/20,37
阿尔及利亚,me,3/15/20,48
阿尔及利亚,me,3/16/20,54
阿尔及利亚,me,3/17/20,60
阿尔及利亚,me,3/18/20,72
阿尔及利亚,me,3/19/20,82
阿尔及利亚,me,3/20/20,90
阿尔及利亚,me,3/21/20,102
阿尔及利亚,me,3/22/20,139
阿尔及利亚,me,3/23/20,201
阿尔及利亚,me,3/24/20,230
阿尔及利亚,me,3/25/20,264
格鲁吉亚,europe,2/27/20,1
格鲁吉亚,europe,2/28/20,2
格鲁吉亚,europe,2/29/20,3
格鲁吉亚,europe,3/1/20,3
格鲁吉亚,europe,3/2/20,3
格鲁吉亚,europe,3/3/20,3
格鲁吉亚,europe,3/4/20,3
格鲁吉亚,europe,3/5/20,3
格鲁吉亚,europe,3/6/20,9
格鲁吉亚,europe,3/7/20,9
格鲁吉亚,europe,3/8/20,13
格鲁吉亚,europe,3/9/20,15
格鲁吉亚,europe,3/10/20,15
格鲁吉亚,europe,3/11/20,23
格鲁吉亚,europe,3/12/20,24
格鲁吉亚,europe,3/13/20,25
格鲁吉亚,europe,3/14/20,30
格鲁吉亚,europe,3/15/20,30
格鲁吉亚,europe,3/16/20,33
格鲁吉亚,europe,3/17/20,33
格鲁吉亚,europe,3/18/20,38
格鲁吉亚,europe,3/19/20,40
格鲁吉亚,europe,3/20/20,43
格鲁吉亚,europe,3/21/20,47
格鲁吉亚,europe,3/22/20,47
格鲁吉亚,europe,3/23/20,54
格鲁吉亚,europe,3/24/20,67
格鲁吉亚,europe,3/25/20,73
文莱,asia,3/9/20,1
文莱,asia,3/10/20,6
文莱,asia,3/11/20,11
文莱,asia,3/12/20,25
文莱,asia,3/13/20,37
文莱,asia,3/14/20,40
文莱,asia,3/15/20,50
文莱,asia,3/16/20,54
文莱,asia,3/17/20,56
文莱,asia,3/18/20,68
文莱,asia,3/19/20,73
文莱,asia,3/20/20,78
文莱,asia,3/21/20,83
文莱,asia,3/22/20,88
文莱,asia,3/23/20,91
文莱,asia,3/24/20,104
文莱,asia,3/25/20,109
保加利亚,europe,3/8/20,4
保加利亚,europe,3/9/20,4
保加利亚,europe,3/10/20,4
保加利亚,europe,3/11/20,6
保加利亚,europe,3/12/20,7
保加利亚,europe,3/13/20,23
保加利亚,europe,3/14/20,30
保加利亚,europe,3/15/20,41
保加利亚,europe,3/16/20,51
保加利亚,europe,3/17/20,67
保加利亚,europe,3/18/20,81
保加利亚,europe,3/19/20,92
保加利亚,europe,3/20/20,110
保加利亚,europe,3/21/20,127
保加利亚,europe,3/22/20,163
保加利亚,europe,3/23/20,187
保加利亚,europe,3/24/20,201
保加利亚,europe,3/25/20,218
阿尔巴尼亚,europe,3/10/20,6
阿尔巴尼亚,europe,3/11/20,12
阿尔巴尼亚,europe,3/12/20,15
阿尔巴尼亚,europe,3/13/20,33
阿尔巴尼亚,europe,3/14/20,33
阿尔巴尼亚,europe,3/15/20,38
阿尔巴尼亚,europe,3/16/20,42
阿尔巴尼亚,europe,3/17/20,42
阿尔巴尼亚,europe,3/18/20,55
阿尔巴尼亚,europe,3/19/20,55
阿尔巴尼亚,europe,3/20/20,64
阿尔巴尼亚,europe,3/21/20,70
阿尔巴尼亚,europe,3/22/20,76
阿尔巴尼亚,europe,3/23/20,89
阿尔巴尼亚,europe,3/24/20,104
阿尔巴尼亚,europe,3/25/20,123
巴基斯坦,asia,2/22/20,2
巴基斯坦,asia,2/23/20,2
巴基斯坦,asia,2/24/20,2
巴基斯坦,asia,2/25/20,2
巴基斯坦,asia,2/26/20,2
巴基斯坦,asia,2/27/20,2
巴基斯坦,asia,2/28/20,2
巴基斯坦,asia,2/29/20,3
巴基斯坦,asia,3/1/20,3
巴基斯坦,asia,3/2/20,4
巴基斯坦,asia,3/3/20,5
巴基斯坦,asia,3/4/20,5
巴基斯坦,asia,3/5/20,5
巴基斯坦,asia,3/6/20,6
巴基斯坦,asia,3/7/20,6
巴基斯坦,asia,3/8/20,6
巴基斯坦,asia,3/9/20,7
巴基斯坦,asia,3/10/20,18
巴基斯坦,asia,3/11/20,20
巴基斯坦,asia,3/12/20,21
巴基斯坦,asia,3/13/20,21
巴基斯坦,asia,3/14/20,30
巴基斯坦,asia,3/15/20,53
巴基斯坦,asia,3/16/20,137
巴基斯坦,asia,3/17/20,212
巴基斯坦,asia,3/18/20,237
巴基斯坦,asia,3/19/20,301
巴基斯坦,asia,3/20/20,448
巴基斯坦,asia,3/21/20,495
巴基斯坦,asia,3/22/20,730
巴基斯坦,asia,3/23/20,799
巴基斯坦,asia,3/24/20,892
巴基斯坦,asia,3/25/20,998
哥斯达黎加,la,3/7/20,1
哥斯达黎加,la,3/8/20,5
哥斯达黎加,la,3/9/20,9
哥斯达黎加,la,3/10/20,9
哥斯达黎加,la,3/11/20,13
哥斯达黎加,la,3/12/20,22
哥斯达黎加,la,3/13/20,22
哥斯达黎加,la,3/14/20,22
哥斯达黎加,la,3/15/20,22
哥斯达黎加,la,3/16/20,35
哥斯达黎加,la,3/17/20,41
哥斯达黎加,la,3/18/20,41
哥斯达黎加,la,3/19/20,69
哥斯达黎加,la,3/20/20,87
哥斯达黎加,la,3/21/20,113
哥斯达黎加,la,3/22/20,113
哥斯达黎加,la,3/23/20,134
哥斯达黎加,la,3/24/20,158
哥斯达黎加,la,3/25/20,158
秘鲁,sa,3/6/20,1
秘鲁,sa,3/7/20,1
秘鲁,sa,3/8/20,6
秘鲁,sa,3/9/20,7
秘鲁,sa,3/10/20,9
秘鲁,sa,3/11/20,11
秘鲁,sa,3/12/20,17
秘鲁,sa,3/13/20,22
秘鲁,sa,3/14/20,28
秘鲁,sa,3/15/20,28
秘鲁,sa,3/16/20,71
秘鲁,sa,3/17/20,71
秘鲁,sa,3/18/20,117
秘鲁,sa,3/19/20,145
秘鲁,sa,3/20/20,234
秘鲁,sa,3/21/20,263
秘鲁,sa,3/22/20,318
秘鲁,sa,3/23/20,363
秘鲁,sa,3/24/20,395
秘鲁,sa,3/25/20,395
斯洛伐克,europe,3/6/20,3
斯洛伐克,europe,3/7/20,3
斯洛伐克,europe,3/8/20,3
斯洛伐克,europe,3/9/20,5
斯洛伐克,europe,3/10/20,7
斯洛伐克,europe,3/11/20,10
斯洛伐克,europe,3/12/20,10
斯洛伐克,europe,3/13/20,21
斯洛伐克,europe,3/14/20,32
斯洛伐克,europe,3/15/20,44
斯洛伐克,europe,3/16/20,61
斯洛伐克,europe,3/17/20,72
斯洛伐克,europe,3/18/20,97
斯洛伐克,europe,3/19/20,105
斯洛伐克,europe,3/20/20,123
斯洛伐克,europe,3/21/20,137
斯洛伐克,europe,3/22/20,178
斯洛伐克,europe,3/23/20,185
斯洛伐克,europe,3/24/20,186
斯洛伐克,europe,3/25/20,204
阿曼,me,2/24/20,2
阿曼,me,2/25/20,4
阿曼,me,2/26/20,4
阿曼,me,2/27/20,5
阿曼,me,2/28/20,6
阿曼,me,2/29/20,6
阿曼,me,3/1/20,6
阿曼,me,3/2/20,6
阿曼,me,3/3/20,12
阿曼,me,3/4/20,12
阿曼,me,3/5/20,16
阿曼,me,3/6/20,16
阿曼,me,3/7/20,16
阿曼,me,3/8/20,16
阿曼,me,3/9/20,18
阿曼,me,3/10/20,18
阿曼,me,3/11/20,18
阿曼,me,3/12/20,18
阿曼,me,3/13/20,19
阿曼,me,3/14/20,20
阿曼,me,3/15/20,21
阿曼,me,3/16/20,22
阿曼,me,3/17/20,24
阿曼,me,3/18/20,33
阿曼,me,3/19/20,39
阿曼,me,3/20/20,48
阿曼,me,3/21/20,52
阿曼,me,3/22/20,52
阿曼,me,3/23/20,66
阿曼,me,3/24/20,84
阿曼,me,3/25/20,99
卢森堡,europe,3/7/20,3
卢森堡,europe,3/8/20,5
卢森堡,europe,3/9/20,5
卢森堡,europe,3/10/20,5
卢森堡,europe,3/11/20,5
卢森堡,europe,3/12/20,19
卢森堡,europe,3/13/20,19
卢森堡,europe,3/14/20,34
卢森堡,europe,3/15/20,59
卢森堡,europe,3/16/20,81
卢森堡,europe,3/17/20,81
卢森堡,europe,3/18/20,203
卢森堡,europe,3/19/20,335
卢森堡,europe,3/20/20,484
卢森堡,europe,3/21/20,670
卢森堡,europe,3/22/20,798
卢森堡,europe,3/23/20,798
卢森堡,europe,3/24/20,875
卢森堡,europe,3/25/20,1099
厄瓜多尔,sa,3/1/20,1
厄瓜多尔,sa,3/2/20,6
厄瓜多尔,sa,3/3/20,7
厄瓜多尔,sa,3/4/20,7
厄瓜多尔,sa,3/5/20,10
厄瓜多尔,sa,3/6/20,13
厄瓜多尔,sa,3/7/20,13
厄瓜多尔,sa,3/8/20,13
厄瓜多尔,sa,3/9/20,14
厄瓜多尔,sa,3/10/20,14
厄瓜多尔,sa,3/11/20,17
厄瓜多尔,sa,3/12/20,17
厄瓜多尔,sa,3/13/20,17
厄瓜多尔,sa,3/14/20,23
厄瓜多尔,sa,3/15/20,23
厄瓜多尔,sa,3/16/20,37
厄瓜多尔,sa,3/17/20,58
厄瓜多尔,sa,3/18/20,111
厄瓜多尔,sa,3/19/20,168
厄瓜多尔,sa,3/20/20,260
厄瓜多尔,sa,3/21/20,367
厄瓜多尔,sa,3/22/20,532
厄瓜多尔,sa,3/23/20,789
厄瓜多尔,sa,3/24/20,981
厄瓜多尔,sa,3/25/20,1049
南非,africa,3/5/20,1
南非,africa,3/6/20,1
南非,africa,3/7/20,2
南非,africa,3/8/20,2
南非,africa,3/9/20,3
南非,africa,3/10/20,7
南非,africa,3/11/20,13
南非,africa,3/12/20,24
南非,africa,3/13/20,24
南非,africa,3/14/20,38
南非,africa,3/15/20,51
南非,africa,3/16/20,62
南非,africa,3/17/20,62
南非,africa,3/18/20,116
南非,africa,3/19/20,116
南非,africa,3/20/20,202
南非,africa,3/21/20,240
南非,africa,3/22/20,240
南非,africa,3/23/20,402
南非,africa,3/24/20,554
南非,africa,3/25/20,709
拉脱维亚,europe,3/3/20,1
拉脱维亚,europe,3/4/20,1
拉脱维亚,europe,3/5/20,1
拉脱维亚,europe,3/6/20,1
拉脱维亚,europe,3/7/20,1
拉脱维亚,europe,3/8/20,1
拉脱维亚,europe,3/9/20,6
拉脱维亚,europe,3/10/20,8
拉脱维亚,europe,3/11/20,8
拉脱维亚,europe,3/12/20,10
拉脱维亚,europe,3/13/20,16
拉脱维亚,europe,3/14/20,18
拉脱维亚,europe,3/15/20,30
拉脱维亚,europe,3/16/20,34
拉脱维亚,europe,3/17/20,34
拉脱维亚,europe,3/18/20,49
拉脱维亚,europe,3/19/20,71
拉脱维亚,europe,3/20/20,86
拉脱维亚,europe,3/21/20,111
拉脱维亚,europe,3/22/20,124
拉脱维亚,europe,3/23/20,139
拉脱维亚,europe,3/24/20,180
拉脱维亚,europe,3/25/20,197
匈牙利,europe,3/5/20,2
匈牙利,europe,3/6/20,4
匈牙利,europe,3/7/20,4
匈牙利,europe,3/8/20,5
匈牙利,europe,3/9/20,9
匈牙利,europe,3/10/20,9
匈牙利,europe,3/11/20,13
匈牙利,europe,3/12/20,13
匈牙利,europe,3/13/20,16
匈牙利,europe,3/14/20,25
匈牙利,europe,3/15/20,30
匈牙利,europe,3/16/20,32
匈牙利,europe,3/17/20,50
匈牙利,europe,3/18/20,58
匈牙利,europe,3/19/20,58
匈牙利,europe,3/20/20,85
匈牙利,europe,3/21/20,103
匈牙利,europe,3/22/20,131
匈牙利,europe,3/23/20,167
匈牙利,europe,3/24/20,187
匈牙利,europe,3/25/20,226
阿塞拜疆,asia,2/28/20,1
阿塞拜疆,asia,2/29/20,3
阿塞拜疆,asia,3/1/20,3
阿塞拜疆,asia,3/2/20,3
阿塞拜疆,asia,3/3/20,3
阿塞拜疆,asia,3/4/20,3
阿塞拜疆,asia,3/5/20,3
阿塞拜疆,asia,3/6/20,3
阿塞拜疆,asia,3/7/20,6
阿塞拜疆,asia,3/8/20,6
阿塞拜疆,asia,3/9/20,9
阿塞拜疆,asia,3/10/20,11
阿塞拜疆,asia,3/11/20,13
阿塞拜疆,asia,3/12/20,15
阿塞拜疆,asia,3/13/20,19
阿塞拜疆,asia,3/14/20,19
阿塞拜疆,asia,3/15/20,23
阿塞拜疆,asia,3/16/20,25
阿塞拜疆,asia,3/17/20,28
阿塞拜疆,asia,3/18/20,28
阿塞拜疆,asia,3/19/20,28
阿塞拜疆,asia,3/20/20,28
阿塞拜疆,asia,3/21/20,44
阿塞拜疆,asia,3/22/20,53
阿塞拜疆,asia,3/23/20,72
阿塞拜疆,asia,3/24/20,72
阿塞拜疆,asia,3/25/20,93
墨西哥,na,2/28/20,1
墨西哥,na,2/29/20,3
墨西哥,na,3/1/20,4
墨西哥,na,3/2/20,5
墨西哥,na,3/3/20,5
墨西哥,na,3/4/20,5
墨西哥,na,3/5/20,5
墨西哥,na,3/6/20,5
墨西哥,na,3/7/20,6
墨西哥,na,3/8/20,7
墨西哥,na,3/9/20,7
墨西哥,na,3/10/20,7
墨西哥,na,3/11/20,7
墨西哥,na,3/12/20,12
墨西哥,na,3/13/20,15
墨西哥,na,3/14/20,26
墨西哥,na,3/15/20,41
墨西哥,na,3/16/20,53
墨西哥,na,3/17/20,82
墨西哥,na,3/18/20,93
墨西哥,na,3/19/20,118
墨西哥,na,3/20/20,164
墨西哥,na,3/21/20,203
墨西哥,na,3/22/20,251
墨西哥,na,3/23/20,316
墨西哥,na,3/24/20,367
墨西哥,na,3/25/20,405
突尼斯,africa,3/3/20,1
突尼斯,africa,3/4/20,1
突尼斯,africa,3/5/20,1
突尼斯,africa,3/6/20,1
突尼斯,africa,3/7/20,1
突尼斯,africa,3/8/20,1
突尼斯,africa,3/9/20,1
突尼斯,africa,3/10/20,5
突尼斯,africa,3/11/20,5
突尼斯,africa,3/12/20,7
突尼斯,africa,3/13/20,13
突尼斯,africa,3/14/20,13
突尼斯,africa,3/15/20,18
突尼斯,africa,3/16/20,20
突尼斯,africa,3/17/20,20
突尼斯,africa,3/18/20,27
突尼斯,africa,3/19/20,39
突尼斯,africa,3/20/20,39
突尼斯,africa,3/21/20,60
突尼斯,africa,3/22/20,75
突尼斯,africa,3/23/20,89
突尼斯,africa,3/24/20,114
突尼斯,africa,3/25/20,114
白俄罗斯,europe,2/28/20,1
白俄罗斯,europe,2/29/20,1
白俄罗斯,europe,3/1/20,1
白俄罗斯,europe,3/2/20,1
白俄罗斯,europe,3/3/20,3
白俄罗斯,europe,3/4/20,6
白俄罗斯,europe,3/5/20,6
白俄罗斯,europe,3/6/20,6
白俄罗斯,europe,3/7/20,6
白俄罗斯,europe,3/8/20,6
白俄罗斯,europe,3/9/20,6
白俄罗斯,europe,3/10/20,9
白俄罗斯,europe,3/11/20,12
白俄罗斯,europe,3/12/20,12
白俄罗斯,europe,3/13/20,12
白俄罗斯,europe,3/14/20,27
白俄罗斯,europe,3/15/20,27
白俄罗斯,europe,3/16/20,36
白俄罗斯,europe,3/17/20,36
白俄罗斯,europe,3/18/20,36
白俄罗斯,europe,3/19/20,51
白俄罗斯,europe,3/20/20,69
白俄罗斯,europe,3/21/20,69
白俄罗斯,europe,3/22/20,69
白俄罗斯,europe,3/23/20,81
白俄罗斯,europe,3/24/20,81
白俄罗斯,europe,3/25/20,86
波黑,europe,3/5/20,2
波黑,europe,3/6/20,2
波黑,europe,3/7/20,3
波黑,europe,3/8/20,3
波黑,europe,3/9/20,3
波黑,europe,3/10/20,5
波黑,europe,3/11/20,7
波黑,europe,3/12/20,11
波黑,europe,3/13/20,13
波黑,europe,3/14/20,18
波黑,europe,3/15/20,21
波黑,europe,3/16/20,24
波黑,europe,3/17/20,24
波黑,europe,3/18/20,24
波黑,europe,3/19/20,38
波黑,europe,3/20/20,64
波黑,europe,3/21/20,64
波黑,europe,3/22/20,93
波黑,europe,3/23/20,126
波黑,europe,3/24/20,131
波黑,europe,3/25/20,131
塞内加尔,africa,3/3/20,1
塞内加尔,africa,3/4/20,2
塞内加尔,africa,3/5/20,4
塞内加尔,africa,3/6/20,4
塞内加尔,africa,3/7/20,4
塞内加尔,africa,3/8/20,4
塞内加尔,africa,3/9/20,4
塞内加尔,africa,3/10/20,4
塞内加尔,africa,3/11/20,4
塞内加尔,africa,3/12/20,4
塞内加尔,africa,3/13/20,10
塞内加尔,africa,3/14/20,21
塞内加尔,africa,3/15/20,24
塞内加尔,africa,3/16/20,24
塞内加尔,africa,3/17/20,27
塞内加尔,africa,3/18/20,31
塞内加尔,africa,3/19/20,36
塞内加尔,africa,3/20/20,38
塞内加尔,africa,3/21/20,47
塞内加尔,africa,3/22/20,56
塞内加尔,africa,3/23/20,67
塞内加尔,africa,3/24/20,79
塞内加尔,africa,3/25/20,86
塞浦路斯,europe,3/10/20,2
塞浦路斯,europe,3/11/20,2
塞浦路斯,europe,3/12/20,6
塞浦路斯,europe,3/13/20,14
塞浦路斯,europe,3/14/20,21
塞浦路斯,europe,3/15/20,21
塞浦路斯,europe,3/16/20,33
塞浦路斯,europe,3/17/20,33
塞浦路斯,europe,3/18/20,49
塞浦路斯,europe,3/19/20,58
塞浦路斯,europe,3/20/20,67
塞浦路斯,europe,3/21/20,75
塞浦路斯,europe,3/22/20,84
塞浦路斯,europe,3/23/20,95
塞浦路斯,europe,3/24/20,116
塞浦路斯,europe,3/25/20,124
哥伦比亚,sa,3/7/20,1
哥伦比亚,sa,3/8/20,1
哥伦比亚,sa,3/9/20,3
哥伦比亚,sa,3/10/20,3
哥伦比亚,sa,3/11/20,3
哥伦比亚,sa,3/12/20,9
哥伦比亚,sa,3/13/20,9
哥伦比亚,sa,3/14/20,22
哥伦比亚,sa,3/15/20,22
哥伦比亚,sa,3/16/20,45
哥伦比亚,sa,3/17/20,57
哥伦比亚,sa,3/18/20,75
哥伦比亚,sa,3/19/20,102
哥伦比亚,sa,3/20/20,128
哥伦比亚,sa,3/21/20,158
哥伦比亚,sa,3/22/20,210
哥伦比亚,sa,3/23/20,235
哥伦比亚,sa,3/24/20,277
哥伦比亚,sa,3/25/20,378
北马其顿,europe,2/26/20,3
北马其顿,europe,2/27/20,3
北马其顿,europe,2/28/20,3
北马其顿,europe,2/29/20,3
北马其顿,europe,3/1/20,3
北马其顿,europe,3/2/20,3
北马其顿,europe,3/3/20,3
北马其顿,europe,3/4/20,3
北马其顿,europe,3/5/20,3
北马其顿,europe,3/6/20,3
北马其顿,europe,3/7/20,3
北马其顿,europe,3/8/20,3
北马其顿,europe,3/9/20,4
北马其顿,europe,3/10/20,7
北马其顿,europe,3/11/20,7
北马其顿,europe,3/12/20,9
北马其顿,europe,3/13/20,9
北马其顿,europe,3/14/20,13
北马其顿,europe,3/15/20,18
北马其顿,europe,3/16/20,18
北马其顿,europe,3/17/20,18
北马其顿,europe,3/18/20,31
北马其顿,europe,3/19/20,43
北马其顿,europe,3/20/20,67
北马其顿,europe,3/21/20,67
北马其顿,europe,3/22/20,85
北马其顿,europe,3/23/20,114
北马其顿,europe,3/24/20,136
马尔代夫,au,3/8/20,2
马尔代夫,au,3/9/20,4
马尔代夫,au,3/10/20,6
马尔代夫,au,3/11/20,6
马尔代夫,au,3/12/20,8
马尔代夫,au,3/13/20,9
马尔代夫,au,3/14/20,10
马尔代夫,au,3/15/20,13
阿富汗,me,2/24/20,1
阿富汗,me,2/25/20,1
阿富汗,me,2/26/20,1
阿富汗,me,2/27/20,1
阿富汗,me,2/28/20,1
阿富汗,me,2/29/20,1
阿富汗,me,3/1/20,1
阿富汗,me,3/2/20,1
阿富汗,me,3/3/20,1
阿富汗,me,3/4/20,1
阿富汗,me,3/5/20,1
阿富汗,me,3/6/20,1
阿富汗,me,3/7/20,4
阿富汗,me,3/8/20,4
阿富汗,me,3/9/20,4
阿富汗,me,3/10/20,5
阿富汗,me,3/11/20,7
阿富汗,me,3/12/20,7
阿富汗,me,3/13/20,7
阿富汗,me,3/14/20,10
阿富汗,me,3/15/20,16
阿富汗,me,3/16/20,21
阿富汗,me,3/17/20,22
阿富汗,me,3/18/20,22
阿富汗,me,3/19/20,22
阿富汗,me,3/20/20,24
阿富汗,me,3/21/20,24
阿富汗,me,3/22/20,34
阿富汗,me,3/23/20,40
阿富汗,me,3/24/20,42
阿富汗,me,3/25/20,80
亚美尼亚,europe,3/12/20,4
亚美尼亚,europe,3/13/20,6
亚美尼亚,europe,3/14/20,13
亚美尼亚,europe,3/15/20,20
亚美尼亚,europe,3/16/20,28
亚美尼亚,europe,3/17/20,64
亚美尼亚,europe,3/18/20,78
亚美尼亚,europe,3/19/20,122
亚美尼亚,europe,3/20/20,136
亚美尼亚,europe,3/21/20,136
亚美尼亚,europe,3/22/20,160
亚美尼亚,europe,3/23/20,194
亚美尼亚,europe,3/24/20,235
亚美尼亚,europe,3/25/20,265
摩尔多瓦,europe,3/8/20,1
摩尔多瓦,europe,3/9/20,1
摩尔多瓦,europe,3/10/20,1
摩尔多瓦,europe,3/11/20,1
摩尔多瓦,europe,3/12/20,3
摩尔多瓦,europe,3/13/20,6
摩尔多瓦,europe,3/14/20,8
摩尔多瓦,europe,3/15/20,12
摩尔多瓦,europe,3/16/20,23
摩尔多瓦,europe,3/17/20,23
摩尔多瓦,europe,3/18/20,30
摩尔多瓦,europe,3/19/20,36
摩尔多瓦,europe,3/20/20,49
摩尔多瓦,europe,3/21/20,66
摩尔多瓦,europe,3/22/20,80
摩尔多瓦,europe,3/23/20,94
摩尔多瓦,europe,3/24/20,109
摩尔多瓦,europe,3/25/20,125
摩洛哥,africa,3/5/20,2
摩洛哥,africa,3/6/20,2
摩洛哥,africa,3/7/20,2
摩洛哥,africa,3/8/20,2
摩洛哥,africa,3/9/20,2
摩洛哥,africa,3/10/20,3
摩洛哥,africa,3/11/20,5
摩洛哥,africa,3/12/20,6
摩洛哥,africa,3/13/20,7
摩洛哥,africa,3/14/20,7
摩洛哥,africa,3/15/20,28
摩洛哥,africa,3/16/20,28
摩洛哥,africa,3/17/20,38
摩洛哥,africa,3/18/20,49
摩洛哥,africa,3/19/20,61
摩洛哥,africa,3/20/20,66
摩洛哥,africa,3/21/20,86
摩洛哥,africa,3/22/20,96
摩洛哥,africa,3/23/20,122
摩洛哥,africa,3/24/20,143
摩洛哥,africa,3/25/20,170
马耳他,europe,3/7/20,1
马耳他,europe,3/8/20,1
马耳他,europe,3/9/20,1
马耳他,europe,3/10/20,4
马耳他,europe,3/11/20,5
马耳他,europe,3/12/20,6
马耳他,europe,3/13/20,6
马耳他,europe,3/14/20,6
马耳他,europe,3/15/20,18
马耳他,europe,3/16/20,18
马耳他,europe,3/17/20,18
马耳他,europe,3/18/20,18
马耳他,europe,3/19/20,38
马耳他,europe,3/20/20,38
马耳他,europe,3/21/20,64
柬埔寨,asia,1/31/20,1
柬埔寨,asia,2/1/20,1
柬埔寨,asia,2/2/20,1
柬埔寨,asia,2/3/20,1
柬埔寨,asia,2/4/20,1
柬埔寨,asia,2/5/20,1
柬埔寨,asia,2/6/20,1
柬埔寨,asia,2/7/20,1
柬埔寨,asia,2/8/20,1
柬埔寨,asia,2/9/20,1
柬埔寨,asia,2/10/20,1
柬埔寨,asia,2/11/20,1
柬埔寨,asia,2/12/20,1
柬埔寨,asia,2/13/20,1
柬埔寨,asia,2/14/20,1
柬埔寨,asia,2/15/20,1
柬埔寨,asia,2/16/20,1
柬埔寨,asia,2/17/20,1
柬埔寨,asia,2/18/20,1
柬埔寨,asia,2/19/20,1
柬埔寨,asia,2/20/20,1
柬埔寨,asia,2/21/20,1
柬埔寨,asia,2/22/20,1
柬埔寨,asia,2/23/20,1
柬埔寨,asia,2/24/20,1
柬埔寨,asia,2/25/20,1
柬埔寨,asia,2/26/20,1
柬埔寨,asia,2/27/20,1
柬埔寨,asia,2/28/20,1
柬埔寨,asia,2/29/20,1
柬埔寨,asia,3/1/20,1
柬埔寨,asia,3/2/20,1
柬埔寨,asia,3/3/20,1
柬埔寨,asia,3/4/20,1
柬埔寨,asia,3/5/20,1
柬埔寨,asia,3/6/20,1
柬埔寨,asia,3/7/20,2
柬埔寨,asia,3/8/20,2
柬埔寨,asia,3/9/20,2
柬埔寨,asia,3/10/20,3
柬埔寨,asia,3/11/20,3
柬埔寨,asia,3/12/20,5
柬埔寨,asia,3/13/20,5
柬埔寨,asia,3/14/20,7
柬埔寨,asia,3/15/20,7
柬埔寨,asia,3/16/20,12
柬埔寨,asia,3/17/20,12
柬埔寨,asia,3/18/20,35
柬埔寨,asia,3/19/20,37
柬埔寨,asia,3/20/20,47
柬埔寨,asia,3/21/20,51
柬埔寨,asia,3/22/20,53
柬埔寨,asia,3/23/20,84
柬埔寨,asia,3/24/20,84
柬埔寨,asia,3/25/20,96
新西兰,au,2/28/20,1
新西兰,au,2/29/20,1
新西兰,au,3/1/20,1
新西兰,au,3/2/20,1
新西兰,au,3/3/20,1
新西兰,au,3/4/20,2
新西兰,au,3/5/20,3
新西兰,au,3/6/20,4
新西兰,au,3/7/20,5
新西兰,au,3/8/20,5
新西兰,au,3/9/20,5
新西兰,au,3/10/20,5
新西兰,au,3/11/20,5
新西兰,au,3/12/20,5
新西兰,au,3/13/20,5
新西兰,au,3/14/20,6
新西兰,au,3/15/20,8
新西兰,au,3/16/20,8
新西兰,au,3/17/20,11
新西兰,au,3/18/20,20
新西兰,au,3/19/20,28
新西兰,au,3/20/20,39
新西兰,au,3/21/20,53
新西兰,au,3/22/20,66
新西兰,au,3/23/20,102
新西兰,au,3/24/20,142
新西兰,au,3/25/20,205
多米尼加,la,3/1/20,1
多米尼加,la,3/2/20,1
多米尼加,la,3/3/20,1
多米尼加,la,3/4/20,1
多米尼加,la,3/5/20,1
多米尼加,la,3/6/20,1
多米尼加,la,3/7/20,1
多米尼加,la,3/8/20,1
多米尼加,la,3/9/20,1
多米尼加,la,3/10/20,5
多米尼加,la,3/11/20,5
多米尼加,la,3/12/20,5
多米尼加,la,3/13/20,5
多米尼加,la,3/14/20,5
多米尼加,la,3/15/20,5
多米尼加,la,3/16/20,5
多米尼加,la,3/17/20,21
多米尼加,la,3/18/20,21
多米尼加,la,3/19/20,21
多米尼加,la,3/20/20,34
多米尼加,la,3/21/20,34
多米尼加,la,3/22/20,112
多米尼加,la,3/23/20,202
巴拉圭,sa,3/8/20,1
巴拉圭,sa,3/9/20,1
巴拉圭,sa,3/10/20,1
巴拉圭,sa,3/11/20,2
巴拉圭,sa,3/12/20,5
巴拉圭,sa,3/13/20,5
巴拉圭,sa,3/14/20,6
巴拉圭,sa,3/15/20,6
巴拉圭,sa,3/16/20,6
巴拉圭,sa,3/17/20,6
巴拉圭,sa,3/18/20,6
巴拉圭,sa,3/19/20,11
巴拉圭,sa,3/20/20,13
巴拉圭,sa,3/21/20,18
巴拉圭,sa,3/22/20,22
巴拉圭,sa,3/23/20,22
巴拉圭,sa,3/24/20,27
巴拉圭,sa,3/25/20,37
斯里兰卡,,1/28/20,1
斯里兰卡,,1/29/20,1
斯里兰卡,,1/30/20,1
斯里兰卡,,1/31/20,1
斯里兰卡,,2/1/20,1
斯里兰卡,,2/2/20,1
斯里兰卡,,2/3/20,1
斯里兰卡,,2/4/20,1
斯里兰卡,asia,2/5/20,1
斯里兰卡,asia,2/6/20,1
斯里兰卡,asia,2/7/20,1
斯里兰卡,asia,2/8/20,1
斯里兰卡,asia,2/9/20,1
斯里兰卡,asia,2/10/20,1
斯里兰卡,asia,2/11/20,1
斯里兰卡,asia,2/12/20,1
斯里兰卡,asia,2/13/20,1
斯里兰卡,asia,2/14/20,1
斯里兰卡,asia,2/15/20,1
斯里兰卡,asia,2/16/20,1
斯里兰卡,asia,2/17/20,1
斯里兰卡,asia,2/18/20,1
斯里兰卡,asia,2/19/20,1
斯里兰卡,asia,2/20/20,1
斯里兰卡,asia,2/21/20,1
斯里兰卡,asia,2/22/20,1
斯里兰卡,asia,2/23/20,1
斯里兰卡,asia,2/24/20,1
斯里兰卡,asia,2/25/20,1
斯里兰卡,asia,2/26/20,1
斯里兰卡,asia,2/27/20,1
斯里兰卡,asia,2/28/20,1
斯里兰卡,asia,2/29/20,1
斯里兰卡,asia,3/1/20,1
斯里兰卡,asia,3/2/20,1
斯里兰卡,asia,3/3/20,1
斯里兰卡,asia,3/4/20,1
斯里兰卡,asia,3/5/20,1
斯里兰卡,asia,3/6/20,1
斯里兰卡,asia,3/7/20,1
斯里兰卡,asia,3/8/20,1
斯里兰卡,asia,3/9/20,1
斯里兰卡,asia,3/10/20,1
斯里兰卡,asia,3/11/20,2
斯里兰卡,asia,3/12/20,3
斯里兰卡,asia,3/13/20,3
斯里兰卡,asia,3/14/20,11
斯里兰卡,asia,3/15/20,12
斯里兰卡,asia,3/16/20,23
斯里兰卡,asia,3/17/20,44
斯里兰卡,asia,3/18/20,50
斯里兰卡,asia,3/19/20,60
斯里兰卡,asia,3/20/20,71
斯里兰卡,asia,3/21/20,77
斯里兰卡,asia,3/22/20,81
斯里兰卡,asia,3/23/20,92
斯里兰卡,asia,3/24/20,100
斯里兰卡,asia,3/25/20,102
立陶宛,europe,2/28/20,1
立陶宛,europe,2/29/20,1
立陶宛,europe,3/1/20,1
立陶宛,europe,3/2/20,1
立陶宛,europe,3/3/20,1
立陶宛,europe,3/4/20,1
立陶宛,europe,3/5/20,1
立陶宛,europe,3/6/20,1
立陶宛,europe,3/7/20,1
立陶宛,europe,3/8/20,1
立陶宛,europe,3/9/20,1
立陶宛,europe,3/10/20,1
立陶宛,europe,3/11/20,3
立陶宛,europe,3/12/20,3
立陶宛,europe,3/13/20,3
立陶宛,europe,3/14/20,8
立陶宛,europe,3/15/20,8
立陶宛,europe,3/16/20,12
立陶宛,europe,3/17/20,17
立陶宛,europe,3/18/20,22
立陶宛,europe,3/19/20,33
立陶宛,europe,3/20/20,41
立陶宛,europe,3/21/20,63
立陶宛,europe,3/22/20,83
立陶宛,europe,3/23/20,143
立陶宛,europe,3/24/20,160
立陶宛,europe,3/25/20,209
孟加拉,asia,3/8/20,3
孟加拉,asia,3/9/20,3
孟加拉,asia,3/10/20,3
孟加拉,asia,3/11/20,3
孟加拉,asia,3/12/20,3
孟加拉,asia,3/13/20,3
孟加拉,asia,3/14/20,3
孟加拉,asia,3/15/20,5
孟加拉,asia,3/16/20,8
孟加拉,asia,3/17/20,8
孟加拉,asia,3/18/20,14
孟加拉,asia,3/19/20,17
孟加拉,asia,3/20/20,20
孟加拉,asia,3/21/20,24
孟加拉,asia,3/22/20,27
孟加拉,asia,3/23/20,27
孟加拉,asia,3/24/20,33
乌克兰,europe,3/3/20,1
乌克兰,europe,3/4/20,1
乌克兰,europe,3/5/20,1
乌克兰,europe,3/6/20,1
乌克兰,europe,3/7/20,1
乌克兰,europe,3/8/20,1
乌克兰,europe,3/9/20,1
乌克兰,europe,3/10/20,1
乌克兰,europe,3/11/20,1
乌克兰,europe,3/12/20,1
乌克兰,europe,3/13/20,3
乌克兰,europe,3/14/20,3
乌克兰,europe,3/15/20,3
乌克兰,europe,3/16/20,5
乌克兰,europe,3/17/20,7
乌克兰,europe,3/18/20,14
乌克兰,europe,3/19/20,16
乌克兰,europe,3/20/20,26
乌克兰,europe,3/21/20,41
乌克兰,europe,3/22/20,47
乌克兰,europe,3/23/20,73
乌克兰,europe,3/24/20,97
乌克兰,europe,3/25/20,113
喀麦隆,africa,3/6/20,1
喀麦隆,africa,3/7/20,2
喀麦隆,africa,3/8/20,2
喀麦隆,africa,3/9/20,2
喀麦隆,africa,3/10/20,2
喀麦隆,africa,3/11/20,2
喀麦隆,africa,3/12/20,2
喀麦隆,africa,3/13/20,2
喀麦隆,africa,3/14/20,3
喀麦隆,africa,3/15/20,3
喀麦隆,africa,3/16/20,5
喀麦隆,africa,3/17/20,10
喀麦隆,africa,3/18/20,10
喀麦隆,africa,3/19/20,13
喀麦隆,africa,3/20/20,21
喀麦隆,africa,3/21/20,27
喀麦隆,africa,3/22/20,40
喀麦隆,africa,3/23/20,56
喀麦隆,africa,3/24/20,56
喀麦隆,africa,3/25/20,66
刚果（金）,africa,3/10/20,1
刚果（金）,africa,3/11/20,1
刚果（金）,africa,3/12/20,1
刚果（金）,africa,3/13/20,2
刚果（金）,africa,3/14/20,2
刚果（金）,africa,3/15/20,3
刚果（金）,africa,3/16/20,3
刚果（金）,africa,3/17/20,4
刚果（金）,africa,3/18/20,7
刚果（金）,africa,3/19/20,14
刚果（金）,africa,3/20/20,18
刚果（金）,africa,3/21/20,23
刚果（金）,africa,3/22/20,30
刚果（金）,africa,3/23/20,30
刚果（金）,africa,3/24/20,45
刚果（金）,africa,3/25/20,48
加纳,africa,3/13/20,2
加纳,africa,3/14/20,2
加纳,africa,3/15/20,2
加纳,africa,3/16/20,6
加纳,africa,3/17/20,6
加纳,africa,3/18/20,7
加纳,africa,3/19/20,9
加纳,africa,3/20/20,16
加纳,africa,3/21/20,19
加纳,africa,3/22/20,21
加纳,africa,3/23/20,24
加纳,africa,3/24/20,52
加纳,africa,3/25/20,68
布基纳法索,africa,3/10/20,2
布基纳法索,africa,3/11/20,2
布基纳法索,africa,3/12/20,2
布基纳法索,africa,3/13/20,2
布基纳法索,africa,3/14/20,2
布基纳法索,africa,3/15/20,2
布基纳法索,africa,3/16/20,15
布基纳法索,africa,3/17/20,15
布基纳法索,africa,3/18/20,20
布基纳法索,africa,3/19/20,27
布基纳法索,africa,3/20/20,33
布基纳法索,africa,3/21/20,40
布基纳法索,africa,3/22/20,64
布基纳法索,africa,3/23/20,64
布基纳法索,africa,3/24/20,114
土耳其,asia,3/11/20,1
土耳其,asia,3/12/20,1
土耳其,asia,3/13/20,2
土耳其,asia,3/14/20,5
土耳其,asia,3/15/20,6
土耳其,asia,3/16/20,18
土耳其,asia,3/17/20,47
土耳其,asia,3/18/20,98
土耳其,asia,3/19/20,191
土耳其,asia,3/20/20,359
土耳其,asia,3/21/20,670
土耳其,asia,3/22/20,947
土耳其,asia,3/23/20,1236
土耳其,asia,3/24/20,1529
土耳其,asia,3/25/20,1872
洪都拉斯,la,3/11/20,2
洪都拉斯,la,3/12/20,2
洪都拉斯,la,3/13/20,2
洪都拉斯,la,3/14/20,2
洪都拉斯,la,3/15/20,2
洪都拉斯,la,3/16/20,2
洪都拉斯,la,3/17/20,2
洪都拉斯,la,3/18/20,8
洪都拉斯,la,3/19/20,12
洪都拉斯,la,3/20/20,24
洪都拉斯,la,3/21/20,24
洪都拉斯,la,3/22/20,24
洪都拉斯,la,3/23/20,24
洪都拉斯,la,3/24/20,30
洪都拉斯,la,3/25/20,30
哈萨克斯坦,asia,3/13/20,3
哈萨克斯坦,asia,3/14/20,6
哈萨克斯坦,asia,3/15/20,8
哈萨克斯坦,asia,3/16/20,8
哈萨克斯坦,asia,3/17/20,32
哈萨克斯坦,asia,3/18/20,35
哈萨克斯坦,asia,3/19/20,44
哈萨克斯坦,asia,3/20/20,49
哈萨克斯坦,asia,3/21/20,53
哈萨克斯坦,asia,3/22/20,54
哈萨克斯坦,asia,3/23/20,60
哈萨克斯坦,asia,3/24/20,66
哈萨克斯坦,asia,3/25/20,80
摩纳哥,europe,2/29/20,1
摩纳哥,europe,3/1/20,1
摩纳哥,europe,3/2/20,1
摩纳哥,europe,3/3/20,1
摩纳哥,europe,3/4/20,1
摩纳哥,europe,3/5/20,1
摩纳哥,europe,3/6/20,1
摩纳哥,europe,3/7/20,1
摩纳哥,europe,3/8/20,1
摩纳哥,europe,3/9/20,1
摩纳哥,europe,3/10/20,1
摩纳哥,europe,3/11/20,1
摩纳哥,europe,3/12/20,2
摩纳哥,europe,3/13/20,2
摩纳哥,europe,3/14/20,2
摩纳哥,europe,3/15/20,3
摩纳哥,europe,3/16/20,7
摩纳哥,europe,3/17/20,9
摩纳哥,europe,3/18/20,9
摩纳哥,europe,3/19/20,9
摩纳哥,europe,3/20/20,11
摩纳哥,europe,3/21/20,12
摩纳哥,europe,3/22/20,18
摩纳哥,europe,3/23/20,23
摩纳哥,europe,3/24/20,23
摩纳哥,europe,3/25/20,27
安道尔,europe,3/2/20,1
安道尔,europe,3/3/20,1
安道尔,europe,3/4/20,1
安道尔,europe,3/5/20,1
安道尔,europe,3/6/20,1
安道尔,europe,3/7/20,1
安道尔,europe,3/8/20,1
安道尔,europe,3/9/20,1
安道尔,europe,3/10/20,1
安道尔,europe,3/11/20,1
安道尔,europe,3/12/20,1
安道尔,europe,3/13/20,2
安道尔,europe,3/14/20,2
安道尔,europe,3/15/20,2
安道尔,europe,3/16/20,2
安道尔,europe,3/17/20,15
安道尔,europe,3/18/20,40
安道尔,europe,3/19/20,54
安道尔,europe,3/20/20,75
安道尔,europe,3/21/20,88
安道尔,europe,3/22/20,114
安道尔,europe,3/23/20,133
安道尔,europe,3/24/20,164
安道尔,europe,3/25/20,185
尼日利亚,africa,2/28/20,1
尼日利亚,africa,2/29/20,1
尼日利亚,africa,3/1/20,1
尼日利亚,africa,3/2/20,1
尼日利亚,africa,3/3/20,1
尼日利亚,africa,3/4/20,1
尼日利亚,africa,3/5/20,1
尼日利亚,africa,3/6/20,1
尼日利亚,africa,3/7/20,1
尼日利亚,africa,3/8/20,1
尼日利亚,africa,3/9/20,2
尼日利亚,africa,3/10/20,2
尼日利亚,africa,3/11/20,2
尼日利亚,africa,3/12/20,2
尼日利亚,africa,3/13/20,2
尼日利亚,africa,3/14/20,2
尼日利亚,africa,3/15/20,2
尼日利亚,africa,3/16/20,2
尼日利亚,africa,3/17/20,3
尼日利亚,africa,3/18/20,8
尼日利亚,africa,3/19/20,12
尼日利亚,africa,3/20/20,12
尼日利亚,africa,3/21/20,22
尼日利亚,africa,3/22/20,26
尼日利亚,africa,3/23/20,36
尼日利亚,africa,3/24/20,40
尼日利亚,africa,3/25/20,44
肯尼亚,africa,3/13/20,1
肯尼亚,africa,3/14/20,1
肯尼亚,africa,3/15/20,3
肯尼亚,africa,3/16/20,3
肯尼亚,africa,3/17/20,4
肯尼亚,africa,3/18/20,7
肯尼亚,africa,3/19/20,7
肯尼亚,africa,3/20/20,7
肯尼亚,africa,3/21/20,7
肯尼亚,africa,3/22/20,15
肯尼亚,africa,3/23/20,16
肯尼亚,africa,3/24/20,16
肯尼亚,africa,3/25/20,28
梵蒂冈,europe,3/6/20,1
不丹,asia,3/6/20,1
不丹,asia,3/7/20,1
不丹,asia,3/8/20,1
不丹,asia,3/9/20,1
不丹,asia,3/10/20,1
不丹,asia,3/11/20,1
不丹,asia,3/12/20,1
不丹,asia,3/13/20,1
不丹,asia,3/14/20,1
不丹,asia,3/15/20,1
不丹,asia,3/16/20,1
不丹,asia,3/17/20,1
不丹,asia,3/18/20,1
不丹,asia,3/19/20,1
不丹,asia,3/20/20,1
不丹,asia,3/21/20,2
科特迪瓦,africa,3/12/20,1
科特迪瓦,africa,3/13/20,1
科特迪瓦,africa,3/14/20,1
科特迪瓦,africa,3/15/20,4
科特迪瓦,africa,3/16/20,4
科特迪瓦,africa,3/17/20,6
科特迪瓦,africa,3/18/20,6
科特迪瓦,africa,3/19/20,6
科特迪瓦,africa,3/20/20,6
科特迪瓦,africa,3/21/20,14
科特迪瓦,africa,3/22/20,14
科特迪瓦,africa,3/23/20,14
科特迪瓦,africa,3/24/20,14
科特迪瓦,africa,3/25/20,73
尼泊尔,asia,1/28/20,1
尼泊尔,asia,1/29/20,1
尼泊尔,asia,1/30/20,1
尼泊尔,asia,1/31/20,1
尼泊尔,asia,2/1/20,1
尼泊尔,asia,2/2/20,1
尼泊尔,asia,2/3/20,1
尼泊尔,asia,2/4/20,1
尼泊尔,asia,2/5/20,1
尼泊尔,asia,2/6/20,1
尼泊尔,asia,2/7/20,1
尼泊尔,asia,2/8/20,1
尼泊尔,asia,2/9/20,1
尼泊尔,asia,2/10/20,1
尼泊尔,asia,2/11/20,1
尼泊尔,asia,2/12/20,1
尼泊尔,asia,2/13/20,1
尼泊尔,asia,2/14/20,1
尼泊尔,asia,2/15/20,1
尼泊尔,asia,2/16/20,1
尼泊尔,asia,2/17/20,1
尼泊尔,asia,2/18/20,1
尼泊尔,asia,2/19/20,1
尼泊尔,asia,2/20/20,1
尼泊尔,asia,2/21/20,1
尼泊尔,asia,2/22/20,1
尼泊尔,asia,2/23/20,1
尼泊尔,asia,2/24/20,1
尼泊尔,asia,2/25/20,1
尼泊尔,asia,2/26/20,1
尼泊尔,asia,2/27/20,1
尼泊尔,asia,2/28/20,1
尼泊尔,asia,2/29/20,1
尼泊尔,asia,3/1/20,1
尼泊尔,asia,3/2/20,1
尼泊尔,asia,3/3/20,1
尼泊尔,asia,3/4/20,1
尼泊尔,asia,3/5/20,1
尼泊尔,asia,3/6/20,1
尼泊尔,asia,3/7/20,1
尼泊尔,asia,3/8/20,1
尼泊尔,asia,3/9/20,1
尼泊尔,asia,3/10/20,1
尼泊尔,asia,3/11/20,1
尼泊尔,asia,3/12/20,1
尼泊尔,asia,3/13/20,1
尼泊尔,asia,3/14/20,1
尼泊尔,asia,3/15/20,1
尼泊尔,asia,3/16/20,1
尼泊尔,asia,3/17/20,1
尼泊尔,asia,3/18/20,1
尼泊尔,asia,3/19/20,1
尼泊尔,asia,3/20/20,1
尼泊尔,asia,3/21/20,1
尼泊尔,asia,3/22/20,1
尼泊尔,asia,3/23/20,2
蒙古,asia,3/10/20,1
蒙古,asia,3/11/20,1
蒙古,asia,3/12/20,1
蒙古,asia,3/13/20,1
蒙古,asia,3/14/20,1
蒙古,asia,3/15/20,1
蒙古,asia,3/16/20,1
蒙古,asia,3/17/20,4
蒙古,asia,3/18/20,6
蒙古,asia,3/19/20,6
蒙古,asia,3/20/20,6
蒙古,asia,3/21/20,10
蒙古,asia,3/22/20,10
蒙古,asia,3/23/20,10
蒙古,asia,3/24/20,10
蒙古,asia,3/25/20,10
约旦,me,3/2/20,1
约旦,me,3/3/20,1
约旦,me,3/4/20,1
约旦,me,3/5/20,1
约旦,me,3/6/20,1
约旦,me,3/7/20,1
约旦,me,3/8/20,1
约旦,me,3/9/20,1
约旦,me,3/10/20,1
约旦,me,3/11/20,1
约旦,me,3/12/20,1
约旦,me,3/13/20,1
约旦,me,3/14/20,1
约旦,me,3/15/20,7
约旦,me,3/16/20,13
约旦,me,3/17/20,30
约旦,me,3/18/20,49
约旦,me,3/19/20,57
约旦,me,3/20/20,70
约旦,me,3/21/20,84
约旦,me,3/22/20,99
约旦,me,3/23/20,112
约旦,me,3/24/20,127
约旦,me,3/25/20,153
加蓬,africa,3/13/20,1
加蓬,africa,3/14/20,1
加蓬,africa,3/15/20,1
加蓬,africa,3/16/20,1
加蓬,africa,3/17/20,1
加蓬,africa,3/18/20,3
加蓬,africa,3/19/20,3
加蓬,africa,3/20/20,4
加蓬,africa,3/21/20,4
加蓬,africa,3/22/20,5
多哥,africa,3/6/20,1
多哥,africa,3/7/20,1
多哥,africa,3/8/20,1
多哥,africa,3/9/20,1
多哥,africa,3/10/20,1
多哥,africa,3/11/20,1
多哥,africa,3/12/20,1
多哥,africa,3/13/20,1
多哥,africa,3/14/20,1
多哥,africa,3/15/20,1
多哥,africa,3/16/20,1
多哥,africa,3/17/20,1
多哥,africa,3/18/20,1
多哥,africa,3/19/20,1
多哥,africa,3/20/20,9
多哥,africa,3/21/20,16
列支敦士登公国,europe,3/6/20,50
列支敦士登公国,europe,3/7/20,50
列支敦士登公国,europe,3/8/20,50
列支敦士登公国,europe,3/9/20,50
列支敦士登公国,europe,3/10/20,50
列支敦士登公国,europe,3/11/20,50
列支敦士登公国,europe,3/12/20,50
列支敦士登公国,europe,3/13/20,50
列支敦士登公国,europe,3/14/20,50
列支敦士登公国,europe,3/15/20,50
列支敦士登公国,europe,3/16/20,50
列支敦士登公国,europe,3/17/20,50
列支敦士登公国,europe,3/18/20,19
列支敦士登公国,europe,3/19/20,19
列支敦士登公国,europe,3/20/20,19
列支敦士登公国,europe,3/21/20,28
列支敦士登公国,europe,3/22/20,37
列支敦士登公国,europe,3/23/20,37
列支敦士登公国,europe,3/24/20,51
圭亚那,africa,3/12/20,1
圭亚那,africa,3/13/20,1
圭亚那,africa,3/14/20,1
圭亚那,africa,3/15/20,1
圭亚那,africa,3/16/20,4
圭亚那,africa,3/17/20,4
圭亚那,africa,3/18/20,7
